city,category,priority,name,branch,address,area,lat,lng,what,source,notes,hours
London,Bakeries & sweets,random,The Dusty Knuckle,Dalston,"Abbot Street Car Park, London E8 3DP",Dalston,51.5466,-0.0758,Bakery. Egg chilli cheese focaccia; potato sourdough.,https://www.instagram.com/p/Da6H_nkh6Hw/,beli_eats London day 2 · 9.2 on Beli,
London,Bakeries & sweets,random,The Dusty Knuckle,Harringay,"429 Green Lanes, London N4 1HA",Harringay,51.5778,-0.0987,Second café. Bakery by day; pizza at night.,https://www.instagram.com/p/Da6H_nkh6Hw/,Same rec; extra branch,
London,Bakeries & sweets,random,The Dusty Knuckle,Highbury Fields,"Highbury Place, London N5 1QL",Highbury,51.5524,-0.1028,Third site on Highbury Fields.,https://www.instagram.com/p/Da6H_nkh6Hw/,Same rec; extra branch,
London,Restaurants,must-do,Tamila,King's Cross,"8 Caledonian Road, London N1 9DU",King's Cross,51.5312,-0.1214,South Indian. Kitchen window; curries roti dosa. Near Royal National.,https://www.instagram.com/p/Da6H_nkh6Hw/,beli_eats · 9.5 on Beli · the branch in the reel,Daily 12:00–22:00.
London,Restaurants,random,Tamila,Clapham,"39 Northcote Road, London SW11 1NJ",Clapham,51.4608,-0.1666,South Indian small plates and curries.,https://www.instagram.com/p/Da6H_nkh6Hw/,Same rec; extra branch,
London,Restaurants,random,Tamila,Soho,"19-20 Poland Street, London W1F 8QF",Soho,51.5139,-0.1366,Flagship. Two floors plus basement bar.,https://www.instagram.com/p/Da6H_nkh6Hw/,Same rec; extra branch,Mon–Thu 12:00–00:00. Fri–Sat 12:00–00:30. Sun 12:00–22:30.
London,Markets,must-do,Borough Market,Borough Market,"8 Southwark St, London SE1 1TL",Southwark,51.5055826,-0.0904808,Food market under the railway.,https://www.instagram.com/p/Da6H_nkh6Hw/,Already on 5 Nov itinerary,
London,Restaurants,random,Akoko,Fitzrovia,"21 Berners Street, London W1T 3LP",Fitzrovia,51.5177,-0.1369,Michelin West African. Jollof; Lagos chicken.,https://www.instagram.com/p/Da6H_nkh6Hw/,beli_eats London day 2,Lunch Thu–Sat 12:00–15:30. Dinner Mon–Sat 17:30–23:00. Closed Sunday.
London,Restaurants,random,Crisp Pizza,Mayfair,"24 North Audley Street, London W1K 6WD",Mayfair,51.5136,-0.1532,NYC-style pizza in The Marlborough pub (downstairs).,https://www.instagram.com/abdunoureats/reel/DbZNJfoMZVm/,"Hype-check reel. Pizza hours Tue–Thu 11:30–21:30, Fri–Sat 11:30–22:30, Sun 11:30–20:30; closed Mon. Reservations for Crisp; pub is walk-in. Hammersmith Crisp Road original is closed — pizza is Mayfair only now.","Pizza hours Tue–Thu 11:30–21:30, Fri–Sat 11:30–22:30, Sun 11:30–20:30. closed Mon"
London,Museums,must-do,Sir John Soane's Museum,Holborn,"13 Lincoln's Inn Fields, London WC2A 3BP",Holborn,51.5170,-0.1175,Architect's house-museum; packed rooms of art and antiquities.,https://www.instagram.com/louie.travelss/p/DdUMWj-DVJZ/,Free timed tickets. Closed Tuesdays. Candlelit late openings some evenings — book ahead.,Closed Tuesdays
London,Places of interest,random,God's Own Junkyard,Walthamstow,"Unit 12, Ravenswood Industrial Estate, Shernhall Street, London E17 9HQ",Walthamstow,51.5853,-0.0113,Neon-sign warehouse you can wander; diner on site.,https://www.instagram.com/louie.travelss/p/DdUMWj-DVJZ/,Go for the neon photos; weekend busy.,
London,Parks,random,Kyoto Garden,Holland Park,"Holland Park, London W8 6LU",Kensington,51.5026,-0.2037,Japanese garden inside Holland Park; koi pond and peacocks.,https://www.instagram.com/louie.travelss/p/DdUMWj-DVJZ/,Best early for photos; inside the park not a separate ticket.,
London,Markets,random,Maltby Street Market,Bermondsey,"Maltby Street, London SE1 3PA",Bermondsey,51.4984,-0.0758,Railway-arch food market; less touristy than Borough.,https://www.instagram.com/louie.travelss/p/DdUMWj-DVJZ/,"Sat 9–4, Sun 11–4 typically. Walk the Ropewalk arches.",
London,Streets,random,Leake Street Tunnel,Waterloo,"Leake Street, London SE1 7NN",Waterloo,51.5012,-0.1155,Legal graffiti tunnel under Waterloo.,https://www.instagram.com/louie.travelss/p/DdUMWj-DVJZ/,Walk-through street art; murals change constantly.,
London,Parks,random,Hampstead Heath Ponds,Hampstead,"Hampstead Heath, London NW5 1QR",Hampstead,51.5606,-0.1657,"Heath swimming ponds (men's, ladies', mixed).",https://www.instagram.com/louie.travelss/p/DdUMWj-DVJZ/,Activity: wild swim. Mixed Pond often needs a booking. Outdoor season is usually May–Sep so likely closed for our Nov dates — check City of London if you want a dip.,
London,Bakeries & sweets,random,Gelateria Danieli,Richmond,"16 Brewers Lane, Richmond TW9 1HH",Richmond,51.4613,-0.3048,Italian gelato shop down a tiny alley.,https://www.instagram.com/restaurantgram/reel/Dc-k90QIDgC/,Try the thick Italian hot chocolate. +£1 for salted caramel. Autumn rec. Tucked under lights on Brewers Lane.,
London,Bakeries & sweets,random,Jolene,Newington Green,"21 Newington Green, London N16 9PU",Stoke Newington,51.5515,-0.0854,"Bakery + restaurant. Pastries, bread, daily blackboard.",https://www.instagram.com/mayorofldn/reel/Dc0PEBjti2K/,Mayor breakfast rec. Original Jolene. Bakery daytime; restaurant lunch/dinner Tue–Sun.,
London,Bakeries & sweets,random,Jolene,Soho,"13 Bridle Lane, London W1F 9BT",Soho,51.5127,-0.1366,Secret-ish bakery with communal table; coffee and baked goods.,https://www.instagram.com/mayorofldn/reel/Dc0PEBjti2K/,"Same rec; extra branch. Mon–Fri 9–15, Sat–Sun 10–16.",Mon–Fri 09:00–15:00. Sat–Sun 10:00–16:00.
London,Bakeries & sweets,random,Jolene,Shoreditch,"67 Redchurch Street, London E2 7DJ",Shoreditch,51.5245,-0.0770,Bakery counter on Redchurch Street.,https://www.instagram.com/mayorofldn/reel/Dc0PEBjti2K/,Same rec; extra branch,
London,Bakeries & sweets,random,Jolene,Islington,"16 Essex Road, London N1 8AA",Islington,51.5367,-0.0999,Colebrooke Row / Essex Road bakery.,https://www.instagram.com/mayorofldn/reel/Dc0PEBjti2K/,Same rec; extra branch,
London,Bakeries & sweets,random,Jolene,Finsbury Park,"324 Hornsey Road, London N7 7HE",Finsbury Park,51.5642,-0.1164,Hornsey Road bakery.,https://www.instagram.com/mayorofldn/reel/Dc0PEBjti2K/,Same rec; extra branch,
London,Restaurants,random,Diyarbakir,Green Lanes,"52-53 Grand Parade, Green Lanes, London N4 1AG",Harringay,51.5776,-0.0975,Turkish charcoal grill; meze and kebabs.,https://www.instagram.com/mayorofldn/reel/Dc0PEBjti2K/,Mayor lunch rec. Turkish food on screen. Bonus sweet in the same reel: baklava. There is a second Diyarbakir nearby at 69 Grand Parade — this is the diyarbakir.co.uk one shown on the awning. Open late.,
London,Restaurants,random,Funky Noodles,Charing Cross Road,"103 Charing Cross Road, London WC2H 0DT",Soho,51.5136,-0.1293,Hand-pulled noodles made in front of you.,https://www.instagram.com/russogioacchino/reel/Dbfp4CgMpXL/,Try oil-splashed Biang Biang with slow-cooked beef. Minutes from Leicester Square / Covent Garden.,Daily 12:00–22:00.
London,Street food,random,The Best Broasted,Willesden,"17 Walm Lane, London NW2 5SJ",Willesden,51.5489,-0.2358,Syrian shop. Broasted chicken and shawarma.,https://www.instagram.com/eatingwithtod/reel/DcLbU1Oo3os/,£5 shawarma — lots of meat for the money. Look for the guys with earphones in the queue. Open daily 12:00–23:00.,Open daily 12:00–23:00
London,Street food,random,The Best Broasted,Ealing,"14 Broadway, Ealing, London W13 0SR",Ealing,51.5106,-0.3253,Second Syrian branch.,https://www.instagram.com/eatingwithtod/reel/DcLbU1Oo3os/,Same rec; extra branch. Daily 12:00–23:00. Shepherd's Bush site closed.,Daily 12:00–23:00
London,Bakeries & sweets,random,Gelatone,Covent Garden,"23 Rose Street, London WC2E 9EA",Covent Garden,51.5117,-0.1240,Gelato shop on a Covent Garden side street.,https://www.instagram.com/gelatoneuk/reel/DbeBmASCzC2/,Try The Gascon Mess by Pascal Aussignac. Limited-time Michelin French × gelato collab — may be gone by late Oct; check if still on.,
Paris,Street food,random,SHWI Canal,Canal Saint-Martin,"60 Rue de Lancry, 75010 Paris",Canal Saint-Martin,48.8706,2.3633,Lebanese grilled-chicken sandwich shop.,https://www.instagram.com/raziyyz/reel/DbJCbMWgWAI/,Try the farrouj / grilled chicken sandwich (~€10). Closed Monday. Lunch and dinner windows. Canal Saint-Martin terrace if weather is ok.,Closed Monday
London,Restaurants,random,The Devonshire,Soho,"17 Denman Street, London W1D 7HW",Soho,51.5106,-0.1340,Soho pub; downstairs dining room.,https://www.instagram.com/eatingwithtod/reel/Db2rOvastNG/,#1 Sunday roast on Tod's list. Book the roast; pub upstairs is walk-in.,Mon–Fri 11:00–23:00. Sat 10:00–23:00. Sun 11:00–22:00.
London,Restaurants,random,Darby's,Nine Elms,"3 Viaduct Gardens, London SW11 7AY",Nine Elms,51.4844,-0.1262,"NYC-style oyster bar, grill and bakery.",https://www.instagram.com/eatingwithtod/reel/Db2rOvastNG/,#2 Sunday roast. Sunday lunch 12:00–17:00. Embassy Gardens / Viaduct Gardens.,Sunday lunch 12:00–17:00
London,Restaurants,random,The Parakeet,Kentish Town,"256 Kentish Town Road, London NW5 2AA",Kentish Town,51.5504,-0.1408,Victorian gastropub; seasonal British.,https://www.instagram.com/eatingwithtod/reel/Db2rOvastNG/,#3 Sunday roast. Book the dining room.,
London,Restaurants,random,Sophie's Soho,Soho,"42-44 Great Windmill Street, London W1D 7NB",Soho,51.5113,-0.1345,Steakhouse; Sunday roast too.,https://www.instagram.com/eatingwithtod/reel/Db2rOvastNG/,#4 Sunday roast. Pre-theatre menu 12:00–19:00 and after 21:30.,Pre-theatre menu 12:00–19:00 and after 21:30
London,Restaurants,random,The Ned,City,"27 Poultry, London EC2R 8AJ",City of London,51.5136,-0.0900,Former Midland Bank; Grand Banking Hall restaurants.,https://www.instagram.com/eatingwithtod/reel/Db2rOvastNG/,#5 Sunday roast. Public restaurants on the ground floor (Millie's Lounge etc); members' floors upstairs.,"Millie's Lounge in the banking hall: Mon 06:00–00:00, Tue–Fri from 06:00, Sat from 07:00, Sun 07:00–00:00."
London,Restaurants,random,The Alma,Wandsworth,"499 Old York Road, London SW18 1TF",Wandsworth,51.4610,-0.1886,Big neighbourhood gastropub.,https://www.instagram.com/eatingwithtod/reel/Db2rOvastNG/,#6 Sunday roast.,
London,Restaurants,random,Blacklock,Soho,"24 Great Windmill Street, London W1D 7LG",Soho,51.5114,-0.1343,Basement chophouse; charcoal chops.,https://www.instagram.com/eatingwithtod/reel/Db2rOvastNG/,#7 Sunday roast. Sunday they do a roast almost as good as Mum's. Basement — no lift.,Mon–Fri 12:00–15:00 and 17:00–23:00. Sat 12:00–23:00. Sun 11:45–20:00.
London,Restaurants,random,Blacklock,City,"13 Philpot Lane, London EC3M 8AA",City of London,51.5106,-0.0845,Chop house near Monument.,https://www.instagram.com/eatingwithtod/reel/Db2rOvastNG/,Same rec; extra branch,
London,Restaurants,random,Blacklock,Shoreditch,"28-30 Rivington Street, London EC2A 3DZ",Shoreditch,51.5263,-0.0812,Ground-level chop house.,https://www.instagram.com/eatingwithtod/reel/Db2rOvastNG/,Same rec; extra branch,
London,Restaurants,random,Blacklock,Canary Wharf,"5 Frobisher Passage, London E14 4EE",Canary Wharf,51.5055,-0.0228,Chop house under the DLR tracks.,https://www.instagram.com/eatingwithtod/reel/Db2rOvastNG/,Same rec; extra branch,
London,Restaurants,random,The Tamil Crown,Islington,"16 Elia Street, London N1 8DE",Islington,51.5336,-0.0994,Sri Lankan pub from the Tamil Prince team.,https://www.instagram.com/eatingwithtod/reel/Db2rOvastNG/,#8 Sunday roast. Sister of The Tamil Prince.,
London,Restaurants,random,50 Cheyne,Chelsea,"50 Cheyne Walk, London SW3 5UD",Chelsea,51.4835,-0.1694,Neighbourhood restaurant on Cheyne Walk.,https://www.instagram.com/eatingwithtod/reel/Db2rOvastNG/,#9 Sunday roast. #10 on the list was marked Shhh — no name given.,
London,Museums,must-do,British Museum,Bloomsbury,"Great Russell Street, London WC1B 3DG",Bloomsbury,51.5194,-0.1270,Permanent collection is free.,https://www.instagram.com/londonforless/p/DbtwtRzjKyG/,£0. Special exhibitions cost extra. Near the hotel. Canonical first-timer. Free permanent collection. Book a timed slot on busy days. Near the hotel.,
London,Parks,random,Primrose Hill,Primrose Hill,"Primrose Hill, London NW1 8YH",Camden,51.5394,-0.1608,Hill with a skyline view.,https://www.instagram.com/londonforless/p/DbtwtRzjKyG/,£0. Sunset viewpoint.,
London,Parks,random,Hyde Park,Hyde Park,"Hyde Park, London W2 2UH",Westminster,51.5073,-0.1657,Central royal park; Serpentine.,https://www.instagram.com/londonforless/p/DbtwtRzjKyG/,"£0. Canonical first-timer. Serpentine, Speaker's Corner, walk through to Kensington Gardens.",
London,Museums,random,National Portrait Gallery,Trafalgar Square,"St Martin's Place, London WC2H 0HE",Westminster,51.5094,-0.1281,British portraits; free permanent galleries.,https://www.instagram.com/londonforless/p/DbtwtRzjKyG/,£0. Paid ticket shows extra.,
London,Places of interest,must-do,Sky Garden,City,"20 Fenchurch Street, London EC3M 8AF",City of London,51.5112,-0.0837,Indoor garden and terrace on the Walkie Talkie.,https://www.instagram.com/londonforless/p/DbtwtRzjKyG/,£0 if you book a free timed slot in advance. Bring ID. Popular slots vanish fast.,
London,Places of interest,random,Outernet,Tottenham Court Road,"Denmark Street / Charing Cross Road, London WC2H",West End,51.5160,-0.1303,Giant LED halls; free to walk in.,https://www.instagram.com/londonforless/p/DbtwtRzjKyG/,£0. Next to Tottenham Court Road station. Screens change; not a ticketed show unless a listed event.,
London,Parks,random,Richmond Park,Richmond,"Richmond Park, London TW10 5HS",Richmond,51.4464,-0.2758,Biggest royal park; free-roaming deer.,https://www.instagram.com/londonforless/p/DbtwtRzjKyG/,£0. Stay 50m from deer. King Henry's Mound has a protected view to St Paul's. Autumn rut can make stags aggressive.,
London,Monuments,must-do,Tower Bridge,Tower Bridge,"Tower Bridge, London SE1 2UP",Southwark,51.5055,-0.0754,Walk across the bridge for free.,https://www.instagram.com/londonforless/p/DbtwtRzjKyG/,£0 to walk the roadway. The high-level walkways / exhibition are paid. Canonical first-timer. Walk the roadway for free. High-level walkways are paid.,
London,Parks,random,Kensington Gardens,Kensington,"Kensington Gardens, London W2 2UH",Kensington,51.5070,-0.1795,"Italian Gardens, Round Pond, Albert Memorial.",https://www.instagram.com/londonforless/p/DbtwtRzjKyG/,£0. Next to Hyde Park; palace interior is paid.,
London,Museums,must-do,Natural History Museum,South Kensington,"Cromwell Road, London SW7 5BD",South Kensington,51.4967,-0.1764,Dinosaurs and Hintze Hall whale; free permanent galleries.,https://www.instagram.com/londonforless/p/DbtwtRzjKyG/,£0. Book a free entry slot on busy days. Special exhibitions extra. Canonical first-timer. Hintze Hall whale and dinosaurs. Free; book a slot on busy days.,
London,Places of interest,random,Horizon 22,City,"22 Bishopsgate, London EC2N 4BQ",City of London,51.5145,-0.0820,Free viewing gallery high in 22 Bishopsgate.,https://www.instagram.com/londonforless/p/DbtwtRzjKyG/,£0 timed ticket. Book ahead. Confirm it is open — it has had closures.,
London,Restaurants,random,Bleecker Burger,Soho,"33 Old Compton Street, London W1D 5JU",Soho,51.5129,-0.1316,Dry-aged Double Cheeseburger (smash-style). On-screen poster: National Burger of the Year 2022; overlay billed it as the world's number-1 burger.,https://www.instagram.com/ludzmate/p/DbvzIlzMWEA,"The Soho branch in the reel (walked Great Pulteney Street; ate nearby). Halal beef. Mon–Thu 11:00–23:30, Fri–Sat 11:00–00:00, Sun 11:00–22:30. Overlay joke that you could buy 3 meal deals instead. A friend also rates the burger.","Mon–Thu 11:00–23:30, Fri–Sat 11:00–00:00, Sun 11:00–22:30"
London,Restaurants,random,Bleecker Burger,Spitalfields,"Old Spitalfields Market, London E1 6EA",Spitalfields,51.5201,-0.0756,Dry-aged smash burgers; Double Cheeseburger.,https://www.instagram.com/ludzmate/p/DbvzIlzMWEA,Same rec; extra branch,
London,Restaurants,random,Bleecker Burger,Victoria,"205 Victoria Street, London SW1E 5NE",Victoria,51.4965,-0.1447,Dry-aged smash burgers; Double Cheeseburger.,https://www.instagram.com/ludzmate/p/DbvzIlzMWEA,Same rec; extra branch,
London,Restaurants,random,Bleecker Burger,Bloomberg,"16 Bloomberg Arcade, London EC4N 8AR",Bank,51.5121,-0.0913,Dry-aged smash burgers; Double Cheeseburger.,https://www.instagram.com/ludzmate/p/DbvzIlzMWEA,Same rec; extra branch,
London,Restaurants,random,Bleecker Burger,Westfield,"The Balcony, Westfield, London W12 7GF",Shepherd's Bush,51.5075,-0.2205,Dry-aged smash burgers; Double Cheeseburger.,https://www.instagram.com/ludzmate/p/DbvzIlzMWEA,Same rec; extra branch. Halal beef.,
London,Restaurants,random,Bleecker Burger,London Bridge,"104 Tooley Street, London SE1 2TH",London Bridge,51.5043,-0.0825,Dry-aged smash burgers; Double Cheeseburger.,https://www.instagram.com/ludzmate/p/DbvzIlzMWEA,Same rec; extra branch,Mon–Wed 11:00–23:30. Thu–Sat 11:00–00:00. Sun 11:00–23:30.
London,Restaurants,random,Bleecker Burger,Seven Dials Market,"Short's Gardens, Seven Dials, London WC2H 9AU",Seven Dials,51.514,-0.126,Dry-aged smash burgers; Double Cheeseburger. Food-court stall.,https://www.instagram.com/ludzmate/p/DbvzIlzMWEA,Same rec; extra branch,
London,Restaurants,random,Bleecker Burger,Baker Street,"195 Baker Street, London NW1 6UY",Marylebone,51.5225,-0.1579,Dry-aged smash burgers; Double Cheeseburger.,https://www.instagram.com/ludzmate/p/DbvzIlzMWEA,Same rec; extra branch. Halal beef.,
London,Restaurants,random,Bleecker Burger,Camden,"45 Middle Yard, Camden Lock Place, London NW1 8AF",Camden,51.5415,-0.1463,Dry-aged smash burgers; Double Cheeseburger.,https://www.instagram.com/ludzmate/p/DbvzIlzMWEA,Same rec; extra branch. Halal beef. Opened 27 Aug 2026.,
Paris,Monuments,must-do,Eiffel Tower,Champ de Mars,"Champ de Mars, 5 Avenue Anatole France, 75007 Paris",7th,48.8583701,2.2944813,Iron tower. Postcard Paris.,canonical first-timer,"Book 2nd floor or summit in advance. Best photo is from Trocadéro, not under the legs. On 30 Oct itinerary.",
Paris,Places of interest,must-do,Trocadéro,Trocadéro,"Place du Trocadéro, 75016 Paris",16th,48.8621498,2.2884502,Esplanade with the classic Eiffel Tower view.,canonical first-timer,"Go here for the photo, then walk down to Champ de Mars. On 30 Oct itinerary.",
Paris,Museums,must-do,Louvre,Louvre,"Rue de Rivoli, 75001 Paris",1st,48.8606111,2.337644,"World's largest museum. Mona Lisa, Winged Victory, Venus de Milo.",canonical first-timer,Book a timed entry. Closed Tuesday. Two hours then leave. On 2 Nov itinerary at 09:00.,Closed Tuesday
Paris,Museums,must-do,Musée d'Orsay,Orsay,"1 Rue de la Légion d'Honneur, 75007 Paris",7th,48.8600,2.3266,"Impressionists in a former railway station. Monet, Van Gogh, Degas.",canonical first-timer,Closed Monday. Book a ticket. On 30 Oct itinerary.,Closed Monday
Paris,Monuments,must-do,Notre-Dame,Île de la Cité,"Parvis Notre-Dame, 75004 Paris",Île de la Cité,48.8527288,2.3505635,"Gothic cathedral on the island. Façade, parvis, Seine bridges.",canonical first-timer,Reopened after the fire. Go inside if the queue is short. 10 min from Hotel Oratio. On 29 Oct itinerary.,
Paris,Monuments,must-do,Sainte-Chapelle,Île de la Cité,"10 Boulevard du Palais, 75001 Paris",Île de la Cité,48.8554,2.3450,Royal chapel. Upper chapel stained glass.,canonical first-timer,Book a timed ticket. Combined ticket with Conciergerie exists. On 29 Oct itinerary.,
Paris,Monuments,must-do,Arc de Triomphe,Étoile,"Place Charles de Gaulle, 75008 Paris",8th,48.8737917,2.2950275,Napoleon's arch. Tomb of the Unknown Soldier. Twelve-avenue view from the top.,canonical first-timer,Use the underpass; do not cross the roundabout. Climb if you want the view. On 2 Nov itinerary.,
Paris,Streets,random,Avenue des Champs-Élysées,Champs-Élysées,"Avenue des Champs-Élysées, 75008 Paris",8th,48.8698,2.3076,The big avenue from Concorde to the Arc.,canonical first-timer,Walk a stretch; you do not need the whole thing. Shops are skippable.,
Paris,Monuments,must-do,Sacré-Cœur,Montmartre,"35 Rue du Chevalier de la Barre, 75018 Paris",Montmartre,48.8867,2.3431,White basilica on the hill. Paris from the steps.,canonical first-timer,Climb the dome if open. Avoid the bracelet scam on the steps. On 31 Oct itinerary.,
Paris,Places of interest,random,Montmartre,Place du Tertre,"Place du Tertre, 75018 Paris",Montmartre,48.8864,2.3406,"Hill village: tertre square, artists, side streets around Sacré-Cœur.",canonical first-timer,"Walk the back streets, not only Tertre. On 31 Oct itinerary.",
Paris,Monuments,must-do,Palais Garnier,Opéra,"Place de l'Opéra, 75009 Paris",9th,48.8719697,2.3316014,"The opera house. Grand staircase, auditorium, Chagall ceiling.",canonical first-timer,Self-guided daytime visit if you are not seeing a show. On 2 Nov itinerary.,
Paris,Monuments,must-do,Panthéon,Latin Quarter,"Place du Panthéon, 75005 Paris",5th,48.8462218,2.3464138,"Neoclassical mausoleum. Voltaire, Rousseau, Curie in the crypt.",canonical first-timer,Climb the dome if open. Near the hotel. On 29 Oct itinerary.,
Paris,Monuments,must-do,Palace of Versailles,Versailles,"Place d'Armes, 78000 Versailles",Versailles,48.804865,2.120355,"Louis XIV château. Hall of Mirrors, State Apartments.",canonical first-timer,Closed Monday. Book a Passport ticket (palace + gardens). RER C to Versailles Château Rive Gauche. On 29 Oct itinerary.,Closed Monday
Paris,Parks,must-do,Gardens of Versailles,Versailles,"Gardens of Versailles, 78000 Versailles",Versailles,48.8094,2.1095,"Le Nôtre parterres, Grand Canal, fountains.",canonical first-timer,Same day as the palace. On 29 Oct itinerary.,
Paris,Places of interest,must-do,Île Saint-Louis,Île Saint-Louis,"Île Saint-Louis, 75004 Paris",4th,48.8515572,2.3574207,"Small island east of Notre-Dame. Quiet streets, river quays.",canonical first-timer,Walk it after Notre-Dame. Berthillon ice cream is the classic stop. On 29 Oct itinerary.,
Paris,Parks,must-do,Jardin du Luxembourg,Luxembourg,"Rue de Médicis / Rue de Vaugirard, 75006 Paris",6th,48.8462,2.3372,"Senate gardens. Palais, pond, chairs, Medici Fountain.",canonical first-timer,"Free. Sit, do not rush. Close to the hotel / Latin Quarter.",
Paris,Parks,must-do,Jardin des Tuileries,Tuileries,"Place de la Concorde to the Louvre, 75001 Paris",1st,48.8634,2.3275,Formal garden between Louvre and Concorde.,canonical first-timer,Walk it as the join between Louvre and Place de la Concorde.,
Paris,Places of interest,must-do,Place de la Concorde,Concorde,"Place de la Concorde, 75008 Paris",8th,48.8656,2.3212,"The big square. Luxor Obelisk, fountains, start of the Champs.",canonical first-timer,Cross with the lights. Good pause between Tuileries and the Champs.,
Paris,Monuments,must-do,Pont Alexandre III,Seine,"Pont Alexandre III, 75008 Paris",7th/8th,48.8638,2.3136,"Belle Époque bridge. Gold statues, Invalides axis, Seine photos.",canonical first-timer,Walk it; do not need a ticket. Between Invalides and the Grand Palais.,
Paris,Monuments,must-do,Hôtel des Invalides,Invalides,"129 Rue de Grenelle, 75007 Paris",7th,48.8566,2.3126,"Gilded dome. Napoleon's tomb, Army Museum.",canonical first-timer,The dome and courtyard are the must; the full museum is extra time.,
Paris,Places of interest,must-do,Seine,River,"Port de la Bourdonnais / Île de la Cité, Paris",Seine,48.8600,2.2938,"The river. Quays, bridges, a boat if you want.",canonical first-timer,Walk the left-bank quays. A daytime boat is a separate pin. The dinner cruise is not on this trip.,
Paris,Streets,random,Rue Mouffetard,Latin Quarter,"Rue Mouffetard, 75005 Paris",5th,48.8404307,2.3498002,"Old market street in the 5th. Food shops, early dinner.",canonical first-timer,Near the hotel. On 29 Oct itinerary.,
Paris,Places of interest,must-do,Place des Vosges,Marais,"Place des Vosges, 75004 Paris",Marais,48.8556,2.3655,"Oldest planned square in Paris. Arcades, garden.",canonical first-timer,The Marais stop everyone does. Walk Rue des Rosiers after.,
Paris,Shops,must-do,Shakespeare and Company,Latin Quarter,"37 Rue de la Bûcherie, 75005 Paris",5th,48.8527,2.3471,English-language bookshop on the Seine.,canonical first-timer,Three minutes from the hotel. Browse; upstairs reading room. On 29 Oct itinerary.,
London,Monuments,must-do,Buckingham Palace,St James's,"Buckingham Palace, London SW1A 1AA",Westminster,51.501364,-0.14189,"The working palace. Façade, Victoria Memorial, The Mall.",canonical first-timer,State Rooms are seasonal and paid. Changing of the Guard is mornings (not every day — check the schedule). On 6 Nov itinerary for the façade and park.,
London,Monuments,must-do,Big Ben,Westminster,"Parliament Square, London SW1A 0AA",Westminster,51.5007292,-0.1246254,Elizabeth Tower and the Palace of Westminster.,canonical first-timer,Photos from Parliament Square and Westminster Bridge. You do not need the paid tower tour. On 4 Nov itinerary.,
London,Monuments,must-do,Westminster Abbey,Westminster,"20 Deans Yard, London SW1P 3PA",Westminster,51.4993695,-0.1272993,"Coronations, royal tombs, Poets' Corner.",canonical first-timer,Paid entry; book. Next door to Big Ben. On 4 Nov itinerary.,
London,Monuments,must-do,Tower of London,Tower,London EC3N 4AB,Tower Hill,51.5081124,-0.0759493,"Norman castle. Crown Jewels, ravens, Yeoman Warders.",canonical first-timer,Book a ticket. Yeoman Warder tour if timing works. On 5 Nov itinerary.,
London,Monuments,must-do,St Paul's Cathedral,City,"St Paul's Churchyard, London EC4M 8AD",City of London,51.5138,-0.0984,"Wren's dome. Whispering Gallery, city views.",canonical first-timer,Paid to go up. Free for worship only. Pair with a walk across Millennium Bridge to Tate Modern.,
London,Places of interest,must-do,Trafalgar Square,Trafalgar Square,"Trafalgar Square, London WC2N 5DN",Westminster,51.5080,-0.1281,"Nelson's Column, fountains, lions. Front door of the National Gallery.",canonical first-timer,Free. The square is the pause; the gallery is next to it.,
London,Museums,must-do,National Gallery,Trafalgar Square,"Trafalgar Square, London WC2N 5DN",Westminster,51.508929,-0.128299,"Free painting collection. Van Gogh, Turner, Impressionists.",canonical first-timer,Free permanent galleries. On 4 Nov itinerary.,
London,Places of interest,random,London Eye,South Bank,"Riverside Building, County Hall, London SE1 7PB",South Bank,51.5031864,-0.1195192,The big wheel. River and Parliament views.,canonical first-timer,Paid; book a slot. Skip if you already have Sky Garden / Horizon 22. Best at dusk.,
London,Parks,must-do,St James's Park,St James's,"St James's Park, London SW1A 2BJ",Westminster,51.5024,-0.1347,"The park between Buckingham and Horse Guards. Pelicans, lake, palace view.",canonical first-timer,Free. Walk The Mall after Buckingham.,
London,Places of interest,random,Covent Garden,Covent Garden,"Covent Garden Piazza, London WC2E 8RF",Covent Garden,51.5117,-0.1233,"Piazza, market halls, street performers, Neal's Yard nearby.",canonical first-timer,Walk the piazza and side streets. Neal's Yard is the colourful courtyard.,
London,Places of interest,random,Piccadilly Circus,Piccadilly,"Piccadilly Circus, London W1J 9HS",West End,51.5100,-0.1347,"Eros / Shaftesbury Memorial, screens, West End junction.",canonical first-timer,"A photo stop, not a long visit. Fortnum & Mason is down Piccadilly.",
London,Museums,must-do,Tate Modern,Bankside,"Bankside, London SE1 9TG",South Bank,51.5076,-0.0994,Modern art in the old power station. Turbine Hall.,canonical first-timer,Permanent collection is free. Cross Millennium Bridge from St Paul's.,
London,Museums,random,Victoria and Albert Museum,South Kensington,"Cromwell Road, London SW7 2RL",South Kensington,51.4966,-0.1722,"Applied arts. Cast courts, fashion, jewellery.",canonical first-timer,Free permanent galleries. Next to the Natural History Museum. Pair as a South Ken morning.,
London,Street food,random,Shawarma Hut,Walworth,"292b Walworth Road, London SE17 2TE",Elephant & Castle,51.486917,-0.095373,Lebanese shawarma shop. Chicken wrap.,https://www.instagram.com/eatingwithtod/p/DYUPugtIjia,Caption: 15p wrap. On-screen £0.15. Official happy hours Mon–Fri 12–3pm.,
London,Restaurants,random,Dishoom,King's Cross,"5 Stable Street, London N1C 4AB",King's Cross,51.536116,-0.125516,Bombay café. Chili cheese toast; house beans with naan.,https://www.instagram.com/eatingwithtod/p/DYUPugtIjia,"On-screen From £10. Filmed branch (glass-roof hall, tandoor). Book ahead.",Mon–Wed 08:00–23:00. Thu–Fri 08:00–00:00. Sat 09:00–00:00. Sun 09:00–23:00.
London,Restaurants,random,Dishoom,Battersea,"42 Electric Boulevard, London SW11 8BJ",Battersea Power Station,51.479991,-0.14467,Bombay café. Same all-day menu.,https://www.instagram.com/eatingwithtod/p/DYUPugtIjia,Same rec; extra branch,
London,Restaurants,random,Dishoom,Canary Wharf,"13 Water Street, London E14 5GX",Canary Wharf,51.503115,-0.013511,Bombay café. Same all-day menu.,https://www.instagram.com/eatingwithtod/p/DYUPugtIjia,Same rec; extra branch,Mon–Thu 08:00–23:00. Fri 08:00–00:00. Sat 09:00–00:00. Sun 09:00–23:00.
London,Restaurants,random,Dishoom,Carnaby,"22 Kingly Street, London W1B 5QP",Carnaby,51.513083,-0.139712,Bombay café. Same all-day menu.,https://www.instagram.com/eatingwithtod/p/DYUPugtIjia,Same rec; extra branch,Mon–Thu 08:00–23:00. Fri 08:00–00:00. Sat 09:00–00:00. Sun 09:00–23:00.
London,Restaurants,random,Dishoom,Covent Garden,"12 Upper St Martin's Lane, London WC2H 9FB",Covent Garden,51.512427,-0.126856,Bombay café. Same all-day menu.,https://www.instagram.com/eatingwithtod/p/DYUPugtIjia,Same rec; extra branch,Mon–Thu 08:00–23:00. Fri 08:00–00:00. Sat 09:00–00:00. Sun 09:00–23:00.
London,Restaurants,random,Dishoom,Kensington,"4 Derry Street, London W8 5SE",Kensington,51.501264,-0.191075,Bombay café. Same all-day menu.,https://www.instagram.com/eatingwithtod/p/DYUPugtIjia,Same rec; extra branch,Mon–Fri 08:00–23:00. Sat–Sun 09:00–23:00.
London,Restaurants,random,Dishoom,Shoreditch,"7 Boundary Street, London E2 7JE",Shoreditch,51.524499,-0.076825,Bombay café. Same all-day menu.,https://www.instagram.com/eatingwithtod/p/DYUPugtIjia,Same rec; extra branch,
London,Bakeries & sweets,random,Fortitude Bakehouse,Chelsea,"55 King's Road, London SW3 4XB",Chelsea,51.48974,-0.163023,Craft bakery. Chocolate cream bun.,https://www.instagram.com/eatingwithtod/p/DYUPugtIjia,On-screen £6.50 for the chocolate cream bun. Chelsea is the current mapped shop. A friend recommends Fortitude.,
London,Street food,random,Durak Tantuni,West Green,"390 West Green Road, London N15 3PX",Turnpike Lane,51.586382,-0.094831,Turkish tantuni wraps.,https://www.instagram.com/eatingwithtod/p/DYUPugtIjia,Caption: Durak Tanktoni. On-screen £4.50; wraps with pickles and lemon.,
London,Restaurants,random,The White Cross,Richmond,"Riverside, off Water Lane, Richmond TW9 1TH",Richmond,51.45895,-0.308363,Young's riverside pub. Sunday roast; Guinness.,https://www.instagram.com/eatingwithtod/p/DYUPugtIjia,"On-screen £6.50 for a Guinness; beef roast with yorkie. Terrace floods at high tide. Food Mon–Sat 12–10, Sun 12–9:30. Pub 11–11. Outdoor tables walk-in.",
London,Bakeries & sweets,random,Beigel Bake,Brick Lane,"159 Brick Lane, London E1 6SB",Brick Lane,51.524512,-0.071753,24-hour beigel bakery. Salt beef beigel.,https://www.instagram.com/eatingwithtod/p/DYUPugtIjia,On-screen shop sign and £6.50 salt beef beigel with pickles and mustard. Caption skipped #6.,
London,Street food,random,Hot Bird,Hounslow,"281-287 High Street, Hounslow TW3 1EF",Hounslow,51.46786,-0.365685,Nashville hot chicken sandwich shop.,https://www.instagram.com/eatingwithtod/p/DYUPugtIjia,On-screen wrapper and £7.50 fried chicken sandwich. Walk-in store; other London listings are delivery-only. Daily 12–9. Halal.,
London,Markets,must-do,Borough Market,Borough Market,"8 Southwark Street, London SE1 1TL",Borough,51.5055,-0.0904,Food market; first stop of the day. Seafood paella on screen.,https://www.instagram.com/beli_eats/p/Da_J_9yPVep,Monday closed. Overlay: first stop / iconic. Seafood paella; strawberries and produce also shown. Ginger Pig sausage-roll stall is next door to OMA. A friend found the chocolate-covered strawberries overrated.,Monday closed
London,Restaurants,random,OMA,Borough Market,"2-4 Bedale Street, London SE1 9AL",Borough,51.5053,-0.0901,"Greek. Labna, bone marrow, whole grilled squid, grilled bread.",https://www.instagram.com/beli_eats/p/Da_J_9yPVep,"Restaurant next door to Ginger Pig at Borough Market. Overlay: top five new restaurants in 2024. Beli card: 175. OMA, Greek, 9.3. Above AGORA. Book ahead; online reservations for tables up to 8. 24-hour cancellation notice or £60pp late-cancel/no-show.",
London,Restaurants,random,Bleecker Burger,Spitalfields,"Old Spitalfields Market, London E1 6EA",Spitalfields,51.52,-0.075,Bacon cheeseburger and fries.,https://www.instagram.com/beli_eats/p/Da_J_9yPVep,"The branch in the reel. Overlay: winner of the National Burger; Beli 8.6. Mon–Sun 11:00–22:00. Eat in, take out, click & collect, delivery.",Mon–Sun 11:00–22:00
London,Restaurants,random,Bleecker Burger,Victoria,"205 Victoria Street, London SW1E 5NE",Victoria,51.4966,-0.1447,Bacon cheeseburger and fries.,https://www.instagram.com/beli_eats/p/Da_J_9yPVep,Same rec; extra branch,
London,Restaurants,random,Bleecker Burger,Bloomberg,"16 Bloomberg Arcade, London EC4N 8AR",Bank,51.5123,-0.0913,Bacon cheeseburger and fries.,https://www.instagram.com/beli_eats/p/Da_J_9yPVep,Same rec; extra branch,
London,Restaurants,random,Bleecker Burger,Westfield,"The Balcony, Westfield, London W12 7GF",Shepherd's Bush,51.5076,-0.2217,Bacon cheeseburger and fries.,https://www.instagram.com/beli_eats/p/Da_J_9yPVep,Same rec; extra branch,
London,Restaurants,random,Bleecker Burger,London Bridge,"104 Tooley Street, London SE1 2TH",London Bridge,51.5044,-0.0825,Bacon cheeseburger and fries.,https://www.instagram.com/beli_eats/p/Da_J_9yPVep,Same rec; extra branch,Mon–Wed 11:00–23:30. Thu–Sat 11:00–00:00. Sun 11:00–23:30.
London,Restaurants,random,Bleecker Burger,Seven Dials Market,"Short's Gardens, Seven Dials, London WC2H 9AU",Seven Dials,51.5144,-0.126,Bacon cheeseburger and fries.,https://www.instagram.com/beli_eats/p/Da_J_9yPVep,Same rec; extra branch,
London,Restaurants,random,Bleecker Burger,Baker Street,"195 Baker Street, London NW1 6UY",Marylebone,51.5226,-0.158,Bacon cheeseburger and fries.,https://www.instagram.com/beli_eats/p/Da_J_9yPVep,Same rec; extra branch,
London,Restaurants,random,Bleecker Burger,Soho,"33 Old Compton Street, London W1D 5JU",Soho,51.5131,-0.1316,Bacon cheeseburger and fries.,https://www.instagram.com/beli_eats/p/Da_J_9yPVep,Same rec; extra branch,
London,Restaurants,random,Bleecker Burger,Camden,"45 Middle Yard, Camden Lock Place, London NW1 8AF",Camden,51.5416,-0.1459,Bacon cheeseburger and fries.,https://www.instagram.com/beli_eats/p/Da_J_9yPVep,Same rec; extra branch,
London,Nightlife,random,Tayēr + Elementary,Old Street,"152 Old Street, London EC1V 9BW",Old Street,51.525,-0.0915,Cocktail bar. Overlay: end the night; World's 50 Best.,https://www.instagram.com/beli_eats/p/Da_J_9yPVep,"Closed for the rest of 2026 after a fire. When it reopens, Elementary is the side to ask for, not only Tayēr.",Closed through 2026.
London,Restaurants,random,The Macbeth,Hoxton,"70 Hoxton Street, London N1 6LP",Hoxton,51.5301,-0.0801,East London pub. Four Legs burgers; chicken; lamb bhuna.,https://www.instagram.com/evieeatsout/p/Db5YOCBIl3W,"On-screen: cannot miss; Macbeth in Hoxton. Four Legs burger; homemade sauce; lamb bhuna the highlight. Official site now Portuguese & Northern Spanish plates. Kitchen Mon–Fri 6–10pm, Sat 1–10pm, Sun 1–5pm. Bookings welcome; walk-ins loved. Single site.",
London,Restaurants,random,The Prince Arthur,E8,"95 Forest Road, London E8 3BH",Dalston,51.5442,-0.0656,East London gastropub. Portuguese-inspired menu; calamari roll with guindilla mayo; beef with jus.,https://www.instagram.com/evieeatsout/p/Db5YOCBIl3W,Open every day from 12. Book SevenRooms. Sunday roast 12:30–5pm. Elevated pub menu; crispy calamari roll with guindilla mayo; beef jus. Single E8 site (not other Prince Arthur pubs).,
London,Street food,random,Rice Paddy,White Horse Peckham,"20-22 Peckham Rye, London SE15 4JR",Peckham,51.466,-0.0672,Northern Thai kitchen in The White Horse. Satay; sausage; fried chicken.,https://www.instagram.com/evieeatsout/p/Db5YOCBIl3W,"Last service Sun 27 Sep 2026 at White Horse Peckham. Kitchen Mon–Tue 6–9pm; Wed–Fri 12–3 & 6–9; Sat 12–9; Sun 12–5. No same-day bookings; walk-ins held. £25 table card auth. Past residencies elsewhere — skip, not current. Closed before the Oct–Nov trip.",
London,Places of interest,random,Palestine House,Holborn,"113 High Holborn, London WC1V 6JQ",Holborn,51.5177815,-0.1197849,"Six-storey Palestinian cultural and community hub with café, coworking, and events.",https://www.instagram.com/thenabilaismail/p/Db33yd7x3rZ,"Also called Pal House. Family-style Palestinian Sunday brunch; café drop-in if you miss brunch. Events and workshops celebrating Palestinian heritage. Gaza Cola founded here (proceeds to Gaza). Brunch Sun 11:00–13:00. Open daily: Mon–Thu 09:00–21:00, Fri 09:00–22:00, Sat 11:00–22:00, Sun 11:00–19:00.","Brunch Sun 11:00–13:00. Open daily: Mon–Thu 09:00–21:00, Fri 09:00–22:00, Sat 11:00–22:00, Sun 11:00–19:00"
Paris,Restaurants,random,Les Arlots,10e,"136 Rue du Faubourg Poissonnière, 75010 Paris",10th,48.8806212,2.3499963,French bistro. Saucisse des Arlots with puréed potatoes; steak au poivre; chocolate mousse.,https://www.instagram.com/beli_eats/p/Db4Qg_xhEsG,"Beli #1 Paris bistro (9.1, 293 ratings). €€. Closed Sun–Mon; Tue–Sat 12:00–14:30 and 18:00–22:30. Awning: Bistrot Les Arlots Cave. Saint-Vincent-de-Paul. Single current Paris branch.",Closed Sun–Mon. Tue–Sat 12:00–14:30 and 18:00–22:30
Paris,Parks,random,Jardin des Tuileries,Tuileries,"Place de la Concorde, 75001 Paris",1st,48.8636,2.327,€8 chain-swing ride over the summer funfair.,https://www.instagram.com/viktoriia_yan/p/DbLDIgjM1ME,Until 23 August. €8. Funfair ride not running during the Oct–Nov trip; garden itself is always open.,
London,Places of interest,random,Royal Opera House,Covent Garden,"Bow Street, London WC2E 9DD",Covent Garden,51.5128732,-0.1225639,See the Royal Ballet or opera from cheap standing tickets.,https://www.instagram.com/stephyttravels/p/DWoyGp3DFYi,"On-screen: see the Royal Ballet in London for £9. Standing tickets from the back or upper side slips; check whenever they launch new ballets and shows. Book via Royal Ballet and Opera (rbo.org.uk). Posted 2 April. One house only; Linbury is in the same building. Thurrock workshop is Essex, not listed.",
Paris,Nightlife,random,Nonsense,Montmartre,"3 Rue du Mont-Cenis, 75018 Paris",Montmartre,48.886863,2.341257,"Late-night bar and dance floor — drinks, low lights, music you know.",https://www.instagram.com/the_fatmap/p/DW_sFVjjHvY,Open until 5am. Thu–Sat 19:00–05:00; Wed 19:00–02:00; closed Sun–Tue. Venue IG also says Thu–Sat until 06:00. Bottle service via DM. Table reservation available. Overlay: dancing spot where you know the lyrics.,Thu–Sat 19:00–05:00. Wed 19:00–02:00. closed Sun–Tue
London,Shops,random,Edikted,Carnaby Street,"52-55 Carnaby St, London W1F 9QE",Carnaby,51.5124863,-0.1382746,£1 photobooth in the shop; 2 prints plus a digital copy.,https://www.instagram.com/with.edith/p/DXKr2RFCCK7,"£1; 2 prints + digital copy. On-screen: Edikted Carnaby Street. Quality not the best; go before they raise the price. Posted 15 April. Store hours Mon–Sat 10am–8pm, Sun 12–6pm. Only London/Paris branch on the official store list; no Paris shop.","Store hours Mon–Sat 10am–8pm, Sun 12–6pm"
Paris,Nightlife,random,Pachamama,Bastille,"46 Rue du Faubourg Saint-Antoine, 75012 Paris",Bastille,48.852024,2.372459,Latin American dinner-club,https://www.instagram.com/shedelia.mkd/p/DV1eh-xodxl,"On-screen: famous six-floor club in Paris. Thu–Sat; restaurant from 20:00, club 22:30–05:30. Door €20 with a drink; no presales/guestlist. Club table SMS +33 7 56 00 90 98 until 22:00. Closed Sun–Wed to the public. Dress code; 18+; gender parity at door. Historic Gustave Eiffel building. Posted 13 March.","restaurant from 20:00, club 22:30–05:30. Closed Sun–Wed to the public"
London,Museums,must-do,National Gallery,Trafalgar Square,"Trafalgar Square, London WC2N 5DN",Westminster,51.508881,-0.128383,"Free art gallery. Van Gogh, Monet, paintings, sculptures.",https://www.instagram.com/chlolaurenblogs/p/DY6lYbqISdb,Free general admission (donations welcome). Open daily 10am–6pm; Friday until 9pm. Closed 24–26 Dec and 1 Jan. Free timed tickets for fast-track; walk-up also available.,Open daily 10am–6pm
Paris,Nightlife,must-do,Crazy Horse,George V,"12 Avenue George V, 75008 Paris",8th,48.8656,2.3018,"Nude cabaret revue. Tight lighting, about an hour.",canonical first-timer,Book ahead. Doors before 20:00. Already on 28 Oct itinerary (20:00). Metro home after.,
Paris,Nightlife,random,Moulin Rouge,Pigalle,"82 Boulevard de Clichy, 75018 Paris",Pigalle,48.884123,2.332250,"The red-windmill cabaret. Féerie revue, can-can, dinner shows.",canonical first-timer,Book a show in advance. Dinner + show or show only. Near Sacré-Cœur / Pigalle. Already have Crazy Horse on 28 Oct — this is the other classic cabaret if you want a second night.,
Paris,Nightlife,random,Caveau de la Huchette,Latin Quarter,"5 Rue de la Huchette, 75005 Paris",5th,48.8527871,2.3462981,"Underground jazz club. Live music, people dancing.",https://www.instagram.com/_justorangee/p/DbyQBDSO1ao,"Overlay: underground jazz bar; Midnight in Paris vibe. Caption pin: Caveau de la Huchette. Open every day all year. Sun–Thu 21:00–02:00; Fri, Sat and holiday eves 21:00–04:00. Concerts from 21:30, no reservation. Door €14 Sun–Thu; €16 Fri/Sat/holiday eves; students under 25 €10 with card. Soft drinks from €6; alcohol from €7. Single current Paris branch. Posted 8 August.","Sun–Thu 21:00–02:00. Fri, Sat and holiday eves 21:00–04:00"
London,Nightlife,random,Fairgame,City,"One New Change, London EC4M 9AF",St Paul's,51.513865,-0.096468,Date-night games bar: cocktails and 12 competitive games,https://www.instagram.com/_withsof/p/DYp1NqKM3vJ,"Cocktails; 12 games; unlimited games 90 mins Tue–Thu 11:20am–3pm and Sun 7pm–close from £22pp; prime-time 90 mins (2 consecutive rounds of each game) Tue–Thu from 3:15pm, Fri–Sat all day, Sun 11:30am–6:45pm from £25pp; closed Mon; book","unlimited games 90 mins Tue–Thu 11:20am–3pm and Sun 7pm–close from £22pp. prime-time 90 mins (2 consecutive rounds of each game) Tue–Thu from 3:15pm, Fri–Sat all day, Sun 11:30am–6:45pm from £25pp. closed Mon"
London,Nightlife,random,Fairgame,Canary Wharf,"25–35 Fisherman's Walk, Canary Wharf, London E14 4DH",Canary Wharf,51.505909,-0.021711,Date-night games bar: cocktails and competitive games,https://www.instagram.com/_withsof/p/DYp1NqKM3vJ,Same rec; extra branch. Unlimited games slot is 75 mins here; closed Mon; book,closed Mon
London,Nightlife,random,Bermondsey Beer Mile,Bermondsey,"Druid Street, London SE1 2EH",Bermondsey,51.5014,-0.0782,Railway-arch stretch of independent breweries; craft-beer crawl.,https://www.instagram.com/eatingldnn/p/DY60pbJsC2d,Sample craft beers. Saturday afternoons are the sweet spot.,"A row of taprooms, not one bar. Most pour on weekend afternoons. Each taproom keeps its own hours."
London,Markets,random,Columbia Road Flower Market,Bethnal Green,"Columbia Road, London E2 7RG",Bethnal Green,51.5292,-0.0696,"Sunday flower market; florists, plant sellers, vintage shops.",https://www.instagram.com/eatingldnn/p/DY60pbJsC2d,Sunday mornings only. Go early for the best picks; brunch at surrounding cafés.,
London,Streets,random,Leake Street Graffiti Tunnel,Waterloo,"Leake Street, London SE1 7NN",Waterloo,51.5014,-0.1147,Legal graffiti tunnel under Waterloo; murals change constantly.,https://www.instagram.com/eatingldnn/p/DY60pbJsC2d,Free. Completely legal street art.,
London,Places of interest,random,Barbican Conservatory,Barbican,"Barbican Centre, Silk Street, London EC2Y 8DS",Barbican,51.5199,-0.0926,Tropical greenhouse inside the Barbican; plants and fish ponds.,https://www.instagram.com/eatingldnn/p/DY60pbJsC2d,Free timed tickets; book in advance. Open select dates (often Sundays); closed unless listed. Day tickets from 9:30am on open days. Tickets released one month ahead.,
London,Parks,random,The Pergola and Hill Garden,Hampstead,"Inverforth Close, London NW3 7EX",Hampstead,51.565,-0.1823,Overgrown Edwardian walkway and garden on Hampstead Heath.,https://www.instagram.com/eatingldnn/p/DY60pbJsC2d,"Wisteria, wild vines, crumbling columns. Hidden in the woods of Hampstead Heath.",
London,Places of interest,random,Up at The O2,Greenwich Peninsula,"Peninsula Square, London SE10 0DX",Greenwich,51.5021,0.0037,Guided climb over the O2 arena roof for panoramic views.,https://www.instagram.com/eatingldnn/p/DY60pbJsC2d,Post calls it Climb The O2. Guided and ticketed; book ahead.,
London,Nightlife,random,Gordon's Wine Bar,Embankment,"47 Villiers Street, London WC2N 6NE",Embankment,51.5079,-0.1233,London's oldest wine bar; candlelit underground cellar.,https://www.instagram.com/eatingldnn/p/DY60pbJsC2d,"Order a carafe of wine. Hidden down a narrow alley near Embankment. Mon–Sat 11:00–23:00, Sun 12:00–22:00. Single site.","Mon–Sat 11:00–23:00, Sun 12:00–22:00"
London,Parks,random,St Dunstan in the East,City of London,"St Dunstan's Hill, London EC3R 8HN",City of London,51.5097,-0.0825,Ruined medieval church turned secret garden.,https://www.instagram.com/eatingldnn/p/DY60pbJsC2d,Free to enter. Ivy-covered walls and climbing plants in the financial district.,
London,Parks,random,Kyoto Garden,Holland Park,"Holland Park, London W8 6LU",Kensington,51.5031,-0.2045,"Japanese garden inside Holland Park; koi, waterfall, stone lanterns.",https://www.instagram.com/eatingldnn/p/DY60pbJsC2d,"Koi carp, waterfalls, stone lanterns. Inside Holland Park, not a separate ticket.",
Paris,Museums,random,Musée d'Orsay,Orsay,"1 Rue de la Légion d'Honneur, 75007 Paris",7th,48.8599179,2.3265849,Impressionist museum in a former railway station.,https://www.instagram.com/eatingldnn/p/DZBVs4fsYmw,Free first Sunday all year; book online in advance. Closed Monday.,Closed Monday
Paris,Monuments,random,Palace of Versailles,Versailles,"Place d'Armes, 78000 Versailles",Versailles,48.8044252,2.1202853,"Louis XIV château. Hall of Mirrors, State Apartments.",https://www.instagram.com/eatingldnn/p/DZBVs4fsYmw,First-Sunday free only November to March. Closed Monday.,Closed Monday
Paris,Museums,random,Louvre,Louvre,"Rue de Rivoli, 75001 Paris",1st,48.8611473,2.3380277,"Enormous museum. Mona Lisa is tiny, behind glass, and crowded.",https://www.instagram.com/eatingldnn/p/DZBVs4fsYmw,Book a timed entry; go straight to what you want and leave before you are exhausted. Closed Tuesday.,Closed Tuesday
Paris,Museums,must-do,Petit Palais,Champs-Élysées,"Avenue Winston Churchill, 75008 Paris",8th,48.866042,2.3153496,Beaux-Arts fine-arts museum with a courtyard café and few tourists.,https://www.instagram.com/eatingldnn/p/DZBVs4fsYmw,Permanent collection is free. Closed Monday.,Closed Monday
Paris,Monuments,random,Eiffel Tower,Champ de Mars,"5 Avenue Anatole France, 75007 Paris",7th,48.8582599,2.2945006,Iron tower. Still magnificent by day; magic after dark.,https://www.instagram.com/eatingldnn/p/DZBVs4fsYmw,Stay until dark and watch it sparkle on the hour. On-screen: night view from Pont d'Iéna; daytime Champ de Mars.,
Paris,Places of interest,random,Trocadéro,Trocadéro,"Place du Trocadéro, 75016 Paris",16th,48.862177,2.2883918,Esplanade with the classic Eiffel Tower view.,https://www.instagram.com/eatingldnn/p/DZBVs4fsYmw,Packed but go anyway; the Eiffel Tower views are genuinely stunning.,
Paris,Places of interest,random,Seine,Night cruise,"Port de la Bourdonnais, 75007 Paris",7th,48.8605021,2.2939902,Night river cruise past the lit-up monuments.,https://www.instagram.com/eatingldnn/p/DZBVs4fsYmw,Expect to wait over a few hours at night.,
Paris,Monuments,random,Statue of Liberty,Île aux Cygnes,"Pont de Grenelle, Île aux Cygnes, 75015 Paris",15th,48.8500236,2.2797012,"Smaller replica of New York's statue, with the Eiffel Tower behind it.",https://www.instagram.com/eatingldnn/p/DZBVs4fsYmw,On Île aux Cygnes at Pont de Grenelle. Post places it in the 16th.,
Paris,Places of interest,random,Galerie Vivienne,2nd,"6 Rue Vivienne, 75002 Paris",2nd,48.8667277,2.339757,"19th-century glass-roofed covered passage. Vintage shops, wine bars, bookshops.",https://www.instagram.com/eatingldnn/p/DZBVs4fsYmw,Also entered from Rue des Petits-Champs and Rue de la Banque.,
Paris,Places of interest,random,Passage des Panoramas,2nd,"Passage des Panoramas, 75002 Paris",2nd,48.8709543,2.3416586,Oldest covered passage in Paris. Glass-roofed arcade.,https://www.instagram.com/eatingldnn/p/DZBVs4fsYmw,Between Boulevard Montmartre and Rue Saint-Marc.,
Paris,Streets,random,Rue Mouffetard,Latin Quarter,"Rue Mouffetard, 75005 Paris",5th,48.8423013,2.3497717,"One of the oldest market streets in Paris. Produce, cheese, wine, street food.",https://www.instagram.com/eatingldnn/p/DZBVs4fsYmw,Very local; very beautiful.,
Paris,Monuments,random,Notre-Dame,Île de la Cité,"6 Parvis Notre-Dame - Place Jean-Paul II, 75004 Paris",Île de la Cité,48.8529371,2.3500501,Gothic cathedral. Reopened; you can climb the spire.,https://www.instagram.com/eatingldnn/p/DZBVs4fsYmw,420 steps to the top. Book in advance.,
London,Nightlife,random,Angel Comedy Club,The Bill Murray,"39 Queen's Head Street, London N1 8NQ",Angel,51.536251,-0.098819,"Stand-up comedy. Overlay: The best comedy club in London, and they even run free shows.",https://www.instagram.com/eatingldnn/p/DZkDYg4M1g5,£10–£12 for a 1.5 hour show. 7 nights a week. Book in advance — sells out. Voted best comedy venue in London by the Chortle Awards. On-screen: ANGEL COMEDY CLUB sign; COMEDY ROOM chalkboard.,
London,Nightlife,random,Angel Comedy Club,The Camden Head,"2 Camden Walk, London N1 8DY",Angel,51.535627,-0.102879,"Stand-up comedy. Overlay: The best comedy club in London, and they even run free shows.",https://www.instagram.com/eatingldnn/p/DZkDYg4M1g5,Same rec; extra branch. Free entry / pay what you want; donations welcome after the show. Free comedy 7 nights a week. Book in advance — sells out. Caption said Camden Passage; official address is 2 Camden Walk.,
London,Street food,random,Hola Guacamole,Gabriel's Wharf,"56 Upper Ground, Gabriel's Wharf, London SE1 9PP",South Bank,51.508064,-0.110217,Mexican street food kiosk. Tacos and nachos by the Thames.,https://www.instagram.com/eatingldnn/p/DaPvRdgsVGq,"On-screen: HOLA Guacamole. Chicken Chipotle, Beef Barbacoa, Pork Pibil tacos; nachos the highlight. Sit outside by the river. Sun–Wed 11:30–16:30; Thu–Sat 11:30–19:30. Blackfriars 5 min walk.",Sun–Wed 11:30–16:30. Thu–Sat 11:30–19:30
London,Street food,random,Hola Guacamole,Wembley Park,"Unit 10, 18 Olympic Way, Wembley, London HA9 0JT",Wembley,51.560349,-0.279497,Mexican street food kiosk inside Boxpark Wembley.,https://www.instagram.com/eatingldnn/p/DaPvRdgsVGq,Same rec; extra branch,
London,Street food,random,Hola Guacamole,Merchant Square,"Merchant Square, London W2 1PW",Paddington,51.518511,-0.175708,Mexican street food truck at Merchant Square market.,https://www.instagram.com/eatingldnn/p/DaPvRdgsVGq,Same rec; extra branch,
London,Street food,random,Hola Guacamole,City Point,"Unit 2, City Point, 1 Ropemaker Street, London EC2Y 9AW",Moorgate,51.519491,-0.089994,Mexican street food kiosk.,https://www.instagram.com/eatingldnn/p/DaPvRdgsVGq,Same rec; extra branch. Mon–Fri 11:30–15:00.,Mon–Fri 11:30–15:00
London,Street food,random,Hola Guacamole,Well Court,"10 Well Court, London EC4M 9DN",St Paul's,51.513332,-0.093283,Mexican street food kiosk.,https://www.instagram.com/eatingldnn/p/DaPvRdgsVGq,Same rec; extra branch,
London,Places of interest,random,Electric Cinema,Portobello,"191 Portobello Road, London W11 2ED",Notting Hill,51.515524,-0.205065,"Vintage cinema with leather armchairs, front-row beds, and food and drinks to your seat.",https://www.instagram.com/eatingldnn/p/DZR8XdcsaFE,"Book in advance; only 83 seats, sells out fast. Arrive early for a drink at the bar. Opened 1911. Bar opens 15 min before the programme. Nearest tube Notting Hill Gate.",
London,Places of interest,random,Electric Cinema,White City,"2 Television Centre, 101 Wood Lane, London W12 7FR",White City,51.510715,-0.225867,Second Electric Cinema; 3-screen site at Television Centre.,https://www.instagram.com/eatingldnn/p/DZR8XdcsaFE,Same rec; extra branch. Open 20 min before first show until midnight (23:00 Sun and bank holidays). Nearest tube White City or Wood Lane.,
Paris,Bakeries & sweets,must-do,Berthillon,Île Saint-Louis,"29-31 rue Saint-Louis en l'Île, 75004 Paris",Île Saint-Louis,48.8517084,2.356718,Ice cream. One of the oldest ice cream shops in Paris; Suzy's favorite for a cute ice cream date.,https://www.instagram.com/lonelyplanet/p/DbqoED5jtfX,Caption: re-opens 1 Sept. Wed–Sun 10:00–20:00; closed Mon–Tue. Family closes for school holidays except Christmas. Official glacier and salon de thé at 29–31.,Wed–Sun 10:00–20:00. closed Mon–Tue
Paris,Bakeries & sweets,must-do,Berthillon,En face,"46 rue Saint-Louis en l'Île, 75004 Paris",Île Saint-Louis,48.8517984,2.3568147,Official overflow ice cream counter across the street.,https://www.instagram.com/lonelyplanet/p/DbqoED5jtfX,Same rec; extra branch,Wed–Sun 10:00–20:00. Closed Monday and Tuesday.
Paris,Markets,random,Marché des Enfants Rouges,Le Marais,"39 rue de Bretagne, 75003 Paris",Le Marais,48.8627951,2.361973,Oldest covered market in Paris. Lively; Suzy goes here for apéro.,https://www.instagram.com/lonelyplanet/p/DbqoED5jtfX,On-screen: Le Marché des Enfants Rouges. Closed Monday. Tue–Wed and Fri–Sat 08:30–20:30; Thu 08:30–21:30; Sun 08:30–17:00 (paris.fr).,Closed Monday. Tue–Wed and Fri–Sat 08:30–20:30. Thu 08:30–21:30. Sun 08:30–17:00 (paris
Paris,Nightlife,random,Kissa Paris,Marché des Enfants Rouges,"39 rue de Bretagne, 75003 Paris",Le Marais,48.862792,2.361978,Wine bar tucked inside the market. Apéro drinks and a little bite before dinner.,https://www.instagram.com/lonelyplanet/p/DbqoED5jtfX,"On-screen sign: KISSA — WINE, FOOD & GOOD CHEMISTRY. Lots of wine options; chalkboard glass of wine ~€10. Inside Marché des Enfants Rouges.",
Paris,Places of interest,random,La Seine,Berges,"Berges de la Seine, Pont des Arts, 75001 Paris",1st,48.8584075,2.3375477,Sunset picnic on the quays.,https://www.instagram.com/lonelyplanet/p/DbqoED5jtfX,Suzy's personal favorite; called an essential Parisian experience. Video picnic looks toward Institut de France / Pont des Arts.,
Paris,Bakeries & sweets,random,Ten Belles,Canal Saint-Martin,"10 Rue de la Grange aux Belles, 75010 Paris",Canal Saint-Martin,48.873492,2.364738,"Cafe-bakery. Cookies, pancakes, Welsh rarebit toastie.",https://www.instagram.com/topjaw/p/DaXT0z8MNAi,Top 5 bakeries in Paris (#5). Cookies; pancakes; Welsh rarebit toastie. Original Canal Saint-Martin cafe. Mon–Fri 08:30–16:30; Sat–Sun 09:00–17:30.,Mon–Fri 08:30–16:30. Sat–Sun 09:00–17:30
Paris,Bakeries & sweets,random,Ten Belles,Bastille,"17-19 bis Rue Bréguet, 75011 Paris",Bastille,48.857549,2.373478,"Cafe-bakery. Cookies, pancakes, Welsh rarebit toastie.",https://www.instagram.com/topjaw/p/DaXT0z8MNAi,Same rec; extra branch. Official Paris 11 bakery (Ten Belles Bread). Mon–Fri 08:30–19:00; Sat–Sun 09:00–17:30. Daily brunch. Near Place de la Bastille.,Mon–Fri 08:30–19:00. Sat–Sun 09:00–17:30
Paris,Bakeries & sweets,random,Ten Belles,Cherche-Midi,"53 Rue du Cherche-Midi, 75006 Paris",6th,48.848819,2.325255,"Cafe-bakery. Cookies, pancakes, Welsh rarebit toastie.",https://www.instagram.com/topjaw/p/DaXT0z8MNAi,Same rec; extra branch. Official Paris 6 cafe near Le Bon Marché. Mon–Fri 08:30–16:30; Sat–Sun 09:00–17:00.,Mon–Fri 08:30–16:30. Sat–Sun 09:00–17:00
Paris,Bakeries & sweets,random,The French Bastards,Oberkampf,"61 Rue Oberkampf, 75011 Paris",Oberkampf,48.864773,2.3728,Bakery. Cruffins; croissant and muffin.,https://www.instagram.com/topjaw/p/DaXT0z8MNAi,Top 5 bakeries in Paris (#4). Cruffins; they do croissant and muffin. Mon–Fri 07:30–20:00; Sat 08:30–20:00; Sun 08:30–18:00.,Mon–Fri 07:30–20:00. Sat 08:30–20:00. Sun 08:30–18:00
Paris,Bakeries & sweets,random,The French Bastards,Saint-Denis,"181 Rue Saint-Denis, 75002 Paris",2nd,48.865645,2.350488,Bakery. Cruffins; croissant and muffin.,https://www.instagram.com/topjaw/p/DaXT0z8MNAi,Same rec; extra branch. Mon–Fri 07:30–20:00; Sat 08:30–20:00; Sun 08:30–18:00.,Mon–Fri 07:30–20:00. Sat 08:30–20:00. Sun 08:30–18:00
Paris,Bakeries & sweets,random,The French Bastards,Temple,"5 Rue du Temple, 75004 Paris",Marais,48.857639,2.352595,Bakery. Cruffins; croissant and muffin.,https://www.instagram.com/topjaw/p/DaXT0z8MNAi,Same rec; extra branch. Mon–Fri 07:30–20:00; Sat 08:30–20:00; Sun 08:30–18:00.,Mon–Fri 07:30–20:00. Sat 08:30–20:00. Sun 08:30–18:00
Paris,Bakeries & sweets,random,The French Bastards,Rambuteau,"23 Rue Rambuteau, 75004 Paris",Marais,48.86079,2.354438,Bakery. Cruffins; croissant and muffin.,https://www.instagram.com/topjaw/p/DaXT0z8MNAi,Same rec; extra branch. Mon–Fri 07:30–20:00; Sat 08:30–20:00; Sun 08:30–18:00.,Mon–Fri 07:30–20:00. Sat 08:30–20:00. Sun 08:30–18:00
Paris,Bakeries & sweets,random,The French Bastards,Pigalle,"65 Rue Jean-Baptiste Pigalle, 75009 Paris",Pigalle,48.88131,2.336193,Bakery. Cruffins; croissant and muffin.,https://www.instagram.com/topjaw/p/DaXT0z8MNAi,Same rec; extra branch. Mon–Fri 07:30–20:00; Sat 08:30–20:00; Sun 08:30–18:00.,Mon–Fri 07:30–20:00. Sat 08:30–20:00. Sun 08:30–18:00
Paris,Bakeries & sweets,random,The French Bastards,Lévis,"52 Rue de Lévis, 75017 Paris",Batignolles,48.883661,2.313926,Bakery. Cruffins; croissant and muffin.,https://www.instagram.com/topjaw/p/DaXT0z8MNAi,Same rec; extra branch. Mon–Fri 07:30–20:00; Sat 08:30–20:00; Sun 08:30–18:00.,Mon–Fri 07:30–20:00. Sat 08:30–20:00. Sun 08:30–18:00
Paris,Bakeries & sweets,random,The French Bastards,Saint-Ferdinand,"35 Place Saint-Ferdinand, 75017 Paris",Ternes,48.877755,2.287837,Bakery. Cruffins; croissant and muffin.,https://www.instagram.com/topjaw/p/DaXT0z8MNAi,Same rec; extra branch. Mon–Fri 07:30–20:00; Sat 08:30–20:00; Sun 08:30–18:00.,Mon–Fri 07:30–20:00. Sat 08:30–20:00. Sun 08:30–18:00
Paris,Bakeries & sweets,random,The French Bastards,Pompe,"129 Rue de la Pompe, 75016 Paris",16th,48.866412,2.279899,Bakery. Cruffins; croissant and muffin.,https://www.instagram.com/topjaw/p/DaXT0z8MNAi,Same rec; extra branch. Mon–Fri 07:30–20:00; Sat 08:30–20:00; Sun 08:30–18:00.,Mon–Fri 07:30–20:00. Sat 08:30–20:00. Sun 08:30–18:00
Paris,Bakeries & sweets,random,The French Bastards,Sèvres,"60 Rue de Sèvres, 75007 Paris",7th,48.848135,2.319801,Bakery. Cruffins; croissant and muffin.,https://www.instagram.com/topjaw/p/DaXT0z8MNAi,Same rec; extra branch. Mon–Fri 07:30–20:00; Sat 08:30–20:00; Sun 08:30–18:00.,Mon–Fri 07:30–20:00. Sat 08:30–20:00. Sun 08:30–18:00
Paris,Bakeries & sweets,random,The French Bastards,Bac,"64 Rue du Bac, 75007 Paris",7th,48.855723,2.325243,Bakery. Cruffins; croissant and muffin.,https://www.instagram.com/topjaw/p/DaXT0z8MNAi,Same rec; extra branch. Mon–Fri 07:30–20:00; Sat 08:30–20:00; Sun 08:30–18:00.,Mon–Fri 07:30–20:00. Sat 08:30–20:00. Sun 08:30–18:00
Paris,Bakeries & sweets,random,Mamiche,Condorcet,"45 Rue Condorcet, 75009 Paris",9th,48.880142,2.343526,"Bakery. Pain suisse, sesame roulés, sesame éclair.",https://www.instagram.com/topjaw/p/DaXT0z8MNAi,"Top 5 bakeries in Paris (#3). Gooey pain suisse; sesame éclair with sesame custard. On-screen prices: roulé cannelle 1,80€; roulé sésame 2,50€ (charcoal dough, sesame cream); roulé raisins 1,80€.",Tue–Fri 08:00–20:00. Sat 08:00–19:00. Closed Sunday and Monday.
Paris,Bakeries & sweets,random,Mamiche,Château d'Eau,"32 Rue du Château d'Eau, 75010 Paris",10th,48.870525,2.359632,"Bakery. Pain suisse, sesame roulés, sesame éclair.",https://www.instagram.com/topjaw/p/DaXT0z8MNAi,Same rec; extra branch,
Paris,Bakeries & sweets,random,Boulangerie Utopie,Jean-Pierre Timbaud,"20 Rue Jean-Pierre Timbaud, 75011 Paris",11th,48.865344,2.368617,Bakery. Baguette (on-screen Best Baguette in Paris).,https://www.instagram.com/topjaw/p/DaXT0z8MNAi,Top 5 bakeries in Paris (#2; no title card). On-screen: baker in Utopie apron; they recently won Best Baguette in Paris. Single current Paris shop.,Tue–Sun 07:00–20:00. Closed Monday.
Paris,Bakeries & sweets,must-do,Du Pain et Des Idées,Yves Toudic,"34 Rue Yves Toudic, 75010 Paris",Canal Saint-Martin,48.871197,2.362886,"Historic boulangerie. Pistachio-chocolate escargots, pain suisse, Pain des Amis.",https://www.instagram.com/topjaw/p/DaXT0z8MNAi,Top 5 bakeries in Paris (#1). Hosts: special place in their heart; go there off the Eurostar; 'the best boulangerie'. Chocolate-pistachio escargots; pain suisse (expect a wait); Pain des Amis. Classified 1875 shop. Mon–Fri 07:00–19:30; closed weekends.,Mon–Fri 07:00–19:30. closed weekends
Paris,Streets,random,52 Rue de Richelieu,Palais-Royal,"52 Rue de Richelieu, 75001 Paris",1st,48.8663384,2.3372758,Street selfie / mirror-pic spot.,https://www.instagram.com/ninamutsters/p/DZnkckZNI9O,Maison Platt shopfront visible behind the selfie.,
Paris,Streets,random,28 Rue du Bac,Saint-Germain,"28 Rue du Bac, 75007 Paris",7th,48.857609,2.3278045,Shop-doorway mirror selfie spot.,https://www.instagram.com/ninamutsters/p/DZnkckZNI9O,Overlay text: 28 Rue de Bac.,
Paris,Streets,random,12 Boulevard des Capucines,Opéra,"12 Boulevard des Capucines, 75009 Paris",9th,48.8706038,2.3310734,Shop-window mirror selfie spot.,https://www.instagram.com/ninamutsters/p/DZnkckZNI9O,Gold-framed window on the boulevard.,
Paris,Streets,random,21 Rue de l'Odéon,Odéon,"21 Rue de l'Odéon, 75006 Paris",6th,48.8502194,2.3387974,Street-side mirror selfie spot.,https://www.instagram.com/ninamutsters/p/DZnkckZNI9O,Full-length sidewalk mirror.,
Paris,Shops,random,Zara,Champs-Élysées,"74 Avenue des Champs-Élysées, 75008 Paris",Champs-Élysées,48.87124,2.30477,"Paris flagship with exclusive pieces, limited collabs, and ski wear in winter",https://www.instagram.com/curatedbyrima/p/DZU-DOMKRe5,"On-screen: 74 Avenue Champs-Élysées. Exclusive/limited pieces and collabs not in regular stores; ski wear in winter. Open Mon–Sat 10:00–21:00, Sun 11:00–20:00.","Open Mon–Sat 10:00–21:00, Sun 11:00–20:00"
Paris,Places of interest,random,Vedettes du Pont Neuf,Pont Neuf,"1 Square du Vert Galant, 75001 Paris",Île de la Cité,48.8574208,2.3409595,1-hour guided Seine river cruise.,https://www.instagram.com/trinityyfrank/p/DZq9YCQCOpX,They went 25 May; sunset times change in summer. Book the 1-hour guided cruise at vedettesdupontneuf.com. Sparkling drinks on board. Access can change during the Pont Neuf art installation.,
Paris,Streets,random,Avenue de Camoëns,La Muette,"Avenue de Camoëns, 75116 Paris",16th,48.8596729,2.2861835,Eiffel Tower photo street; tower framed at the end of the block.,https://www.instagram.com/opspot.app/p/DZKNwAtzrtB,Reel #1 with crown; on-screen favourite. Do not shoot under the tower.,
Paris,Streets,random,Rue de l'Université,Gros-Caillou,"Rue de l'Université, 75007 Paris",7th,48.8611362,2.3064166,Eiffel Tower photo street in the 7th.,https://www.instagram.com/opspot.app/p/DZKNwAtzrtB,"Reel #2. On-screen: Rue de l'Université (caption said Avenue de l'Université). Photo stretch is Gros-Caillou, toward the tower.",
Paris,Streets,random,Avenue de New York,Chaillot,"Avenue de New York, 75016 Paris",16th,48.863346,2.2963509,Seine-side street facing the Eiffel Tower.,https://www.instagram.com/opspot.app/p/DZKNwAtzrtB,Reel #3.,
Paris,Places of interest,random,Port de Debilly,Chaillot,"Port Debilly, 75016 Paris",16th,48.8621538,2.2937134,Right-bank quay photo spot for the Eiffel Tower.,https://www.instagram.com/opspot.app/p/DZKNwAtzrtB,"Reel #4. On-screen: Port de Debilly. OSM name Port Debilly, 16th-side quay.",
Paris,Places of interest,random,Trocadéro Staircases,Trocadéro,"Place du Trocadéro, 75016 Paris",16th,48.8623703,2.2880959,Stairs at Trocadéro with the Eiffel Tower behind.,https://www.instagram.com/opspot.app/p/DZKNwAtzrtB,Reel #5. On-screen: Trocadéro staircases.,
Paris,Bakeries & sweets,random,Terroirs d'Avenir,Rue du Nil,"3 Rue du Nil, 75002 Paris",2nd,48.867797,2.348164,Bakery. Croissant — buttery and flaky; chef's favorite in Paris.,https://www.instagram.com/foodandfellowship_/p/DZtRIKGgiJL,"Croissant 1,40€. Closed Mon; Tue–Sat 07:00–20:00; Sun 08:00–13:00.",Closed Mon. Tue–Sat 07:00–20:00. Sun 08:00–13:00
Paris,Bakeries & sweets,random,Terroirs d'Avenir,Paul Bert,"8 Rue Paul Bert, 75011 Paris",11th,48.851435,2.384651,Bakery. Croissant — buttery and flaky; chef's favorite in Paris.,https://www.instagram.com/foodandfellowship_/p/DZtRIKGgiJL,Same rec; extra branch. Closed Mon; Tue–Sat 07:00–20:00; Sun 08:00–13:00.,Closed Mon. Tue–Sat 07:00–20:00. Sun 08:00–13:00
Paris,Bakeries & sweets,random,Terroirs d'Avenir,Jean-Pierre Timbaud,"90 Rue Jean-Pierre Timbaud, 75011 Paris",Oberkampf,48.867525,2.377141,Bakery. Croissant — buttery and flaky; chef's favorite in Paris.,https://www.instagram.com/foodandfellowship_/p/DZtRIKGgiJL,Same rec; extra branch. Closed Mon; Tue–Sat 07:00–20:00; Sun 08:00–13:00.,Closed Mon. Tue–Sat 07:00–20:00. Sun 08:00–13:00
Paris,Bakeries & sweets,random,Terroirs d'Avenir,Morland,"17 Boulevard Morland, 75004 Paris",Arsenal,48.849553,2.363249,Bakery. Croissant — buttery and flaky; chef's favorite in Paris.,https://www.instagram.com/foodandfellowship_/p/DZtRIKGgiJL,Same rec; extra branch. Boulangerie & cantine. Mon–Sat 07:00–20:00; closed Sun.,Mon–Sat 07:00–20:00. closed Sun
Paris,Bakeries & sweets,random,La Maison d'Isabelle,Saint-Germain,"47 Boulevard Saint-Germain, 75005 Paris",Latin Quarter,48.849828,2.348267,Bakery. Awarded Best Croissant in Paris.,https://www.instagram.com/foodandfellowship_/p/DZtRIKGgiJL,1er Prix 2018. Closed Mon; Tue–Sun 06:00–20:30.,Closed Mon. Tue–Sun 06:00–20:30
Paris,Bakeries & sweets,random,Maison Louvard,Châteaudun,"11 Rue de Châteaudun, 75009 Paris",9th,48.875735,2.340597,Bakery-café. Cookie croissant (chocolate chip cookie baked into croissant).,https://www.instagram.com/foodandfellowship_/p/DZtRIKGgiJL,Iconic cookie croissant. Mon 07:00–21:00; Tue–Sun 07:00–24:00.,Mon 07:00–21:00. Tue–Sun 07:00–24:00
Paris,Bakeries & sweets,random,Pleincœur,Batignolles,"64 Rue des Batignolles, 75017 Paris",Batignolles,48.886435,2.318659,"Bakery. Croissant; founded by Maxime Frédéric, World's Best Pastry Chef 2025.",https://www.instagram.com/foodandfellowship_/p/DZtRIKGgiJL,Daily 08:00–20:00.,Daily 08:00–20:00
Paris,Bakeries & sweets,random,Pleincœur,Atelier,"12 Rue Mstislav Rostropovitch, 75017 Paris",Batignolles,48.889308,2.314612,"Bakery. Croissant; founded by Maxime Frédéric, World's Best Pastry Chef 2025.",https://www.instagram.com/foodandfellowship_/p/DZtRIKGgiJL,Same rec; extra branch. Atelier Noisette & Chocolat. Daily 08:00–19:00.,Daily 08:00–19:00
Paris,Bakeries & sweets,random,The French Bastards,Oberkampf,"61 Rue Oberkampf, 75011 Paris",Oberkampf,48.864809,2.372837,Bakery. Croissant; trendy chain with locations across Paris.,https://www.instagram.com/foodandfellowship_/p/DZtRIKGgiJL,Honorable mention; convenient option. Mon–Fri 07:30–20:00; Sat 08:30–20:00; Sun 08:30–18:00.,Mon–Fri 07:30–20:00. Sat 08:30–20:00. Sun 08:30–18:00
Paris,Bakeries & sweets,random,The French Bastards,Saint-Denis,"181 Rue Saint-Denis, 75002 Paris",2nd,48.865642,2.350473,Bakery. Croissant; trendy chain with locations across Paris.,https://www.instagram.com/foodandfellowship_/p/DZtRIKGgiJL,Same rec; extra branch. Mon–Fri 07:30–20:00; Sat 08:30–20:00; Sun 08:30–18:00.,Mon–Fri 07:30–20:00. Sat 08:30–20:00. Sun 08:30–18:00
Paris,Bakeries & sweets,random,The French Bastards,Temple,"5 Rue du Temple, 75004 Paris",Marais,48.857662,2.352566,Bakery. Croissant; trendy chain with locations across Paris.,https://www.instagram.com/foodandfellowship_/p/DZtRIKGgiJL,Same rec; extra branch. Mon–Fri 07:30–20:00; Sat 08:30–20:00; Sun 08:30–18:00.,Mon–Fri 07:30–20:00. Sat 08:30–20:00. Sun 08:30–18:00
Paris,Bakeries & sweets,random,The French Bastards,Rambuteau,"23 Rue Rambuteau, 75004 Paris",Marais,48.86076,2.354542,Bakery. Croissant; trendy chain with locations across Paris.,https://www.instagram.com/foodandfellowship_/p/DZtRIKGgiJL,Same rec; extra branch. Mon–Fri 07:30–20:00; Sat 08:30–20:00; Sun 08:30–18:00.,Mon–Fri 07:30–20:00. Sat 08:30–20:00. Sun 08:30–18:00
Paris,Bakeries & sweets,random,The French Bastards,Pigalle,"65 Rue Jean-Baptiste Pigalle, 75009 Paris",Pigalle,48.881297,2.336125,Bakery. Croissant; trendy chain with locations across Paris.,https://www.instagram.com/foodandfellowship_/p/DZtRIKGgiJL,Same rec; extra branch. Mon–Fri 07:30–20:00; Sat 08:30–20:00; Sun 08:30–18:00.,Mon–Fri 07:30–20:00. Sat 08:30–20:00. Sun 08:30–18:00
Paris,Bakeries & sweets,random,The French Bastards,Lévis,"52 Rue de Lévis, 75017 Paris",Batignolles,48.883661,2.313926,Bakery. Croissant; trendy chain with locations across Paris.,https://www.instagram.com/foodandfellowship_/p/DZtRIKGgiJL,Same rec; extra branch. Mon–Fri 07:30–20:00; Sat 08:30–20:00; Sun 08:30–18:00.,Mon–Fri 07:30–20:00. Sat 08:30–20:00. Sun 08:30–18:00
Paris,Bakeries & sweets,random,The French Bastards,Saint-Ferdinand,"35 Place Saint-Ferdinand, 75017 Paris",Ternes,48.877755,2.287837,Bakery. Croissant; trendy chain with locations across Paris.,https://www.instagram.com/foodandfellowship_/p/DZtRIKGgiJL,Same rec; extra branch. Mon–Fri 07:30–20:00; Sat 08:30–20:00; Sun 08:30–18:00.,Mon–Fri 07:30–20:00. Sat 08:30–20:00. Sun 08:30–18:00
Paris,Bakeries & sweets,random,The French Bastards,Pompe,"129 Rue de la Pompe, 75016 Paris",16th,48.866412,2.279899,Bakery. Croissant; trendy chain with locations across Paris.,https://www.instagram.com/foodandfellowship_/p/DZtRIKGgiJL,Same rec; extra branch. Mon–Fri 07:30–20:00; Sat 08:30–20:00; Sun 08:30–18:00.,Mon–Fri 07:30–20:00. Sat 08:30–20:00. Sun 08:30–18:00
Paris,Bakeries & sweets,random,The French Bastards,Sèvres,"60 Rue de Sèvres, 75007 Paris",7th,48.848145,2.31976,Bakery. Croissant; trendy chain with locations across Paris.,https://www.instagram.com/foodandfellowship_/p/DZtRIKGgiJL,Same rec; extra branch. Mon–Fri 07:30–20:00; Sat 08:30–20:00; Sun 08:30–18:00.,Mon–Fri 07:30–20:00. Sat 08:30–20:00. Sun 08:30–18:00
Paris,Bakeries & sweets,random,The French Bastards,Bac,"64 Rue du Bac, 75007 Paris",7th,48.855723,2.325243,Bakery. Croissant; trendy chain with locations across Paris.,https://www.instagram.com/foodandfellowship_/p/DZtRIKGgiJL,Same rec; extra branch. Mon–Fri 07:30–20:00; Sat 08:30–20:00; Sun 08:30–18:00.,Mon–Fri 07:30–20:00. Sat 08:30–20:00. Sun 08:30–18:00
Paris,Places of interest,random,Seine,Eiffel Tower,"Port de la Bourdonnais, 75007 Paris",7th,48.8605021,2.2939902,Open-deck night river cruise; hourly Eiffel Tower sparkle.,https://www.instagram.com/flights.and.outfits/p/Dbgt3MuPrpw,"Best 9:30–11:00 PM in summer, right after sunset in winter. ~1 hour. €15–20, book online. Sit on the right side first when leaving Eiffel Tower; arrive 30 min early for front-row seats. Open-deck over dinner cruise. Route: Eiffel Tower → Louvre → Notre-Dame → Pont Alexandre III. Most iconic boarding views.","Best 9:30–11:00 PM in summer, right after sunset in winter"
Paris,Places of interest,random,Seine,Pont Neuf,"1 Square du Vert Galant, 75001 Paris",1st,48.8574208,2.3409595,Open-deck night river cruise from a central pier.,https://www.instagram.com/flights.and.outfits/p/Dbgt3MuPrpw,Same rec; extra branch. Post says Pont Neuf boarding is central and less chaotic.,
Paris,Restaurants,random,Maison,,"3 Rue Saint-Hubert, 75011 Paris",Saint-Ambroise,48.8637658,2.379208,Hidden-gem French restaurant; seasonal plates in a red-beam dining room with an open kitchen,https://www.instagram.com/ellevousguide/p/DbyHfd9KWQK,Closed Monday and Tuesday. Lunch Thursday–Sunday 12:30–13:30; dinner Wednesday–Saturday 19:30–21:00. Book ahead.,Closed Monday and Tuesday. Lunch Thursday–Sunday 12:30–13:30. dinner Wednesday–Saturday 19:30–21:00
Paris,Restaurants,random,L'Ambassade d'Auvergne,,"22 Rue du Grenier Saint-Lazare, 75003 Paris",Le Marais,48.86301,2.353393,Auvergne restaurant known for tableside aligot,https://www.instagram.com/whereschichinow/p/DbouMU2opSR,"Aligot pulled tableside from a copper pot, served with sausage",Daily 12:00–14:30 and 19:00–22:00.
Paris,Street food,random,SHWI,Canal Saint-Martin,"60 Rue de Lancry, 75010 Paris",Canal Saint-Martin,48.872655,2.363515,Lebanese grilled-chicken counter,https://www.instagram.com/whereschichinow/p/DbouMU2opSR,Grilled chicken wrap at the counter,
Paris,Street food,random,Patate,,"34 Rue Saint-André des Arts, 75006 Paris",Saint-Germain-des-Prés,48.853401,2.341796,Fries shop,https://www.instagram.com/whereschichinow/p/DbouMU2opSR,Fries in a cone with cheese and sauce. Open 12:00–22:30,Open 12:00–22:30
Paris,Restaurants,random,La Rotonde,,"17 Rue de la Roquette, 75011 Paris",Bastille,48.85447,2.371559,Evening restaurant terrace,https://www.instagram.com/whereschichinow/p/DbouMU2opSR,"Glazed ribs, green salad, and bread rolls under the Rotonde neon",
Paris,Restaurants,random,Kozy Bosquet,,"79 Avenue Bosquet, 75007 Paris",Gros-Caillou,48.855445,2.305401,Cafe-restaurant terrace,https://www.instagram.com/whereschichinow/p/DbouMU2opSR,"Plate with egg, pickled onions, and shredded meat",Mon–Fri 08:30–15:00. Sat–Sun 09:00–16:00.
Paris,Bakeries & sweets,random,Carette,Trocadéro,"4 Place du Trocadéro et du 11 Novembre, 75116 Paris",Trocadéro,48.863724,2.287237,Historic salon de thé,https://www.instagram.com/whereschichinow/p/DbouMU2opSR,"Hot chocolate, whipped-cream dessert, and croissant",Mon–Fri 07:00–23:30. Sat–Sun 07:30–23:30.
Paris,Bakeries & sweets,random,Carette,Place des Vosges,"25 Place des Vosges, 75003 Paris",Place des Vosges,48.856346,2.365473,Historic salon de thé,https://www.instagram.com/whereschichinow/p/DbouMU2opSR,Same rec; extra branch,Daily 07:00–00:00.
Paris,Bakeries & sweets,random,Carette,Place du Tertre,"7 Place du Tertre, 75018 Paris",Montmartre,48.886294,2.340896,Historic salon de thé,https://www.instagram.com/whereschichinow/p/DbouMU2opSR,Same rec; extra branch,
Paris,Street food,random,C'Roll Sushi,Saint-Michel,"56 Boulevard Saint-Michel, 75006 Paris",Saint-Michel,48.848107,2.341058,Push-pop sushi rolls,https://www.instagram.com/whereschichinow/p/DbouMU2opSR,"Push-pop sushi; sidewalk menu lists rolls such as California, salmon, and crunchy",
Paris,Street food,random,C'Roll Sushi,Saint-Martin,"156 Rue Saint-Martin, 75003 Paris",Le Marais,48.861803,2.351834,Push-pop sushi rolls,https://www.instagram.com/whereschichinow/p/DbouMU2opSR,Same rec; extra branch,
Paris,Bakeries & sweets,random,Fruttini,Saint-Placide,"24 Rue Saint-Placide, 75006 Paris",Saint-Germain-des-Prés,48.849232,2.324996,Fruit ice and gelato shop,https://www.instagram.com/whereschichinow/p/DbouMU2opSR,Fruit display and ice cream in metal coupes. Open 10:30–19:00,Open 10:30–19:00
Paris,Bakeries & sweets,random,Fruttini,Victor Hugo,"3 Avenue Victor Hugo, 75116 Paris",Chaillot,48.872734,2.292949,Fruit ice and gelato shop,https://www.instagram.com/whereschichinow/p/DbouMU2opSR,Same rec; extra branch,
Paris,Restaurants,random,Il Bambini Club,Palais de Tokyo,"13 Avenue du Président Wilson, 75116 Paris",Trocadéro,48.864558,2.296733,Italian restaurant at Palais de Tokyo,https://www.instagram.com/whereschichinow/p/DbouMU2opSR,Pasta and garlic bread with cheese,"Lunch Mon–Thu 12:00–15:30, Fri–Sun 12:00–16:00. Dinner Sun–Wed 19:00–23:00, Thu–Sat 19:00–23:30."
Paris,Restaurants,random,Terra Pizza,,"67 Rue des Gravilliers, 75003 Paris",Le Marais,48.86445,2.354454,Pizza shop,https://www.instagram.com/whereschichinow/p/DbouMU2opSR,Pizza from the oven,
Paris,Restaurants,random,La Taverne de Zhao,Canal Saint-Martin,"49 Rue des Vinaigriers, 75010 Paris",Canal Saint-Martin,48.873146,2.360371,Chinese noodle restaurant,https://www.instagram.com/whereschichinow/p/DbouMU2opSR,Wide noodles with beef and scallions. Reel shows the chain facade; branch not named,
Paris,Restaurants,random,La Taverne de Zhao,Louvre,"22 Rue Molière, 75001 Paris",Palais-Royal,48.865304,2.336278,Chinese noodle restaurant,https://www.instagram.com/whereschichinow/p/DbouMU2opSR,Same rec; extra branch,
Paris,Restaurants,random,La Taverne de Zhao,Opéra,"16 Rue Saint-Augustin, 75002 Paris",Opéra,48.868942,2.336389,Chinese noodle restaurant,https://www.instagram.com/whereschichinow/p/DbouMU2opSR,Same rec; extra branch,
Paris,Restaurants,random,La Taverne de Zhao,Saint-Germain,"82 Rue Mazarine, 75006 Paris",Saint-Germain-des-Prés,48.853884,2.338215,Chinese noodle restaurant,https://www.instagram.com/whereschichinow/p/DbouMU2opSR,Same rec; extra branch,Mon–Thu 12:00–22:20. Fri–Sat 12:00–22:50.
Paris,Restaurants,random,La Taverne de Zhao,Bastille,"67 Rue de la Roquette, 75011 Paris",Bastille,48.856392,2.376607,Chinese noodle restaurant,https://www.instagram.com/whereschichinow/p/DbouMU2opSR,Same rec; extra branch,
Paris,Restaurants,random,La Taverne de Zhao,Montparnasse,"11 Rue Delambre, 75014 Paris",Montparnasse,48.841387,2.328369,Chinese noodle restaurant,https://www.instagram.com/whereschichinow/p/DbouMU2opSR,Same rec; extra branch,
Paris,Restaurants,random,La Taverne de Zhao,Batignolles,"59 Rue des Dames, 75017 Paris",Batignolles,48.8838,2.321555,Chinese noodle restaurant,https://www.instagram.com/whereschichinow/p/DbouMU2opSR,Same rec; extra branch,
Paris,Restaurants,random,La Taverne de Zhao,Ménilmontant,"42 Rue de Ménilmontant, 75020 Paris",Ménilmontant,48.867926,2.386897,Chinese noodle restaurant,https://www.instagram.com/whereschichinow/p/DbouMU2opSR,Same rec; extra branch,
Paris,Places of interest,random,Bibliothèque nationale de France,Richelieu,"58 Rue de Richelieu, 75002 Paris",2nd,48.8672823,2.3381642,"Salle Ovale, the oval reading room under the glass dome.",https://www.instagram.com/margo.chilinski/p/DYtzrloBkTD,Free entry. Tue 10:00–20:00; Wed–Sun 10:00–18:00; closed Monday. Second entrance at 5 Rue Vivienne (same complex). They missed it the first time by arriving too late.,Tue 10:00–20:00. Wed–Sun 10:00–18:00. closed Monday
Paris,Shops,random,Marin Montagut,Rue Madame,"48 Rue Madame, 75006 Paris",Luxembourg,48.8482,2.331563,French-themed trinkets and stationery.,https://www.instagram.com/zorymorylookbook/p/DabnyGJJwHc,Next to the Luxembourg Garden; stroll the garden after shopping. Mon–Sat 11:00–19:00; closed Sunday.,Mon–Sat 11:00–19:00. closed Sunday
Paris,Shops,random,Officine Universelle Buly,Haut-Marais,"45 Rue de Saintonge, 75003 Paris",Haut-Marais,48.863032,2.363909,"Personalized lip balms, hair combs and toothbrushes; calligraphy on the packaging.",https://www.instagram.com/zorymorylookbook/p/DabnyGJJwHc,"Calligraphy, engraving and embossing. Mon–Sun 11:00–19:00. This branch also has a coffee and tea counter and a treatment room.",Mon–Sun 11:00–19:00
Paris,Shops,random,Officine Universelle Buly,Saint-Germain-des-Prés,"6 Rue Bonaparte, 75006 Paris",Saint-Germain-des-Prés,48.85719,2.335008,"Personalized lip balms, hair combs and toothbrushes; calligraphy on the packaging.",https://www.instagram.com/zorymorylookbook/p/DabnyGJJwHc,"Same rec; extra branch. Historic boutique. Calligraphy, engraving and embossing. Mon–Sun 11:00–19:00.",Mon–Sun 11:00–19:00
Paris,Shops,random,Officine Universelle Buly,Richelieu,"29 Rue de Richelieu, 75001 Paris",Palais-Royal,48.865039,2.336422,"Personalized lip balms, hair combs and toothbrushes; calligraphy on the packaging.",https://www.instagram.com/zorymorylookbook/p/DabnyGJJwHc,"Same rec; extra branch. Calligraphy, engraving and embossing. Mon–Sun 11:00–19:00.",Mon–Sun 11:00–19:00
Paris,Shops,random,Officine Universelle Buly,Le Marais,"19 Rue Vieille du Temple, 75004 Paris",Le Marais,48.856958,2.357023,"Personalized lip balms, hair combs and toothbrushes; calligraphy on the packaging.",https://www.instagram.com/zorymorylookbook/p/DabnyGJJwHc,"Same rec; extra branch. Calligraphy, engraving and embossing. Mon–Sun 11:00–19:00.",Mon–Sun 11:00–19:00
Paris,Shops,random,Officine Universelle Buly,Le Bon Marché,"24 Rue de Sèvres, 2nd floor, 75007 Paris",Sèvres-Babylone,48.850469,2.324422,"Personalized lip balms, hair combs and toothbrushes; calligraphy on the packaging.",https://www.instagram.com/zorymorylookbook/p/DabnyGJJwHc,"Same rec; extra branch. Counter at Le Bon Marché Rive Gauche. Calligraphy, engraving and embossing. Mon–Sat 10:00–20:00; Sun 11:00–20:00.",Mon–Sat 10:00–20:00. Sun 11:00–20:00
Paris,Shops,random,Officine Universelle Buly,Galeries Lafayette,"40 Boulevard Haussmann, 1st floor, 75009 Paris",Opéra,48.873646,2.332127,"Personalized lip balms, hair combs and toothbrushes; calligraphy on the packaging.",https://www.instagram.com/zorymorylookbook/p/DabnyGJJwHc,"Same rec; extra branch. Counter at Galeries Lafayette Haussmann. Calligraphy, engraving and embossing. Mon–Sun 10:00–20:30.",Mon–Sun 10:00–20:30
London,Shops,random,Officine Universelle Buly,Selfridges,"400 Oxford Street, Ground floor, Duke Street entrance, London W1A 1AB",Marylebone,51.514602,-0.152818,"Personalized lip balms, hair combs and toothbrushes; calligraphy on the packaging.",https://www.instagram.com/zorymorylookbook/p/DabnyGJJwHc,"Same rec; extra branch. Counter at Selfridges. Calligraphy, engraving and embossing. Mon–Fri 10:00–22:00; Sat 9:30–21:00; Sun 11:30–18:00. Closed 1 May.",Mon–Fri 10:00–22:00. Sat 9:30–21:00. Sun 11:30–18:00
Paris,Shops,random,Le Bon Appart,Rue de Birague,"9 Rue de Birague, 75004 Paris",Le Marais,48.854531,2.364991,"French-themed dog chew toys, beret hats and treats.",https://www.instagram.com/zorymorylookbook/p/DabnyGJJwHc,Called a must for dog people. Beside Place des Vosges.,
Paris,Restaurants,must-do,La Renommée,,"95 Rue Saint-Honoré, 75001 Paris",Les Halles,48.8612719,2.343211,"Classic French restaurant; food, team, and room",https://www.instagram.com/beli_eats/p/DbweO-HgmBy,"Escargot and filet au poivre. Called a No. 2 ranked restaurant on Beli (9.4 from 4k ratings); they scored it 10.0. Dinner daily 5:30–10:30pm; Fri–Sat also lunch 12–2pm. Book up to 30 days ahead; card required; €50/person if cancelled within 24 hours. After 5pm, guests 14+.",Dinner daily 5:30–10:30pm
Paris,Restaurants,random,Chez Janou,,"2 Rue Roger Verlomme, 75003 Paris",Le Marais,48.8567071,2.3672138,"Provençal bistro. Chocolate mousse, plated or from the giant communal bowl.",https://www.instagram.com/eli.rallo/p/DYkjJHLTaVm,"Open every day, lunch and dinner. Plates branded Chez Janou. Single current Paris location.",Daily 12:00–14:00 and 19:00–23:30.
Paris,Monuments,must-do,Opéra Garnier,,"Place de l'Opéra, 75009 Paris",9th arrondissement,48.872029,2.331785,Visit the grand interior before the long closure,https://www.instagram.com/adanink/p/DbVY6LRpqZh,"Closes summer 2027 until 2032 (on-screen: closing in 2027 for about 5 years). Self-guided visit about 1h30; online booking required, no tickets sold on site. Visitor entrance at the corner of Rue Scribe and Rue Auber.",
Paris,Restaurants,random,Rori,,"96 Rue Jean-Pierre Timbaud, 75011 Paris",Folie-Méricourt,48.867761,2.3780632,New York-style pizza by the slice,https://www.instagram.com/suzyandaustin/p/DbTBMIdMb8D,Pepperoni slice with hot honey and sesame crust; potato slice with dill and dill-pickle dip. Closed Mon–Tue. Dine-in Wed–Sun 12:00–15:00 and 18:30–late. Walk-ins and booking via Instagram. Takeout from noon until sold out. Pies are dine-in only.,Closed Mon–Tue. Dine-in Wed–Sun 12:00–15:00 and 18:30–late
Paris,Restaurants,random,Le Train Bleu,,"4 Place Louis Armand, 75012 Paris",Gare de Lyon,48.8450448,2.3734811,"Belle Époque station restaurant. Beef tartare, rack of lamb, crêpe Suzette, rum baba.",https://www.instagram.com/amanda.exploring/p/DYyLmHWtDIS,"Reserve on the website (or The Fork); booked 3 weeks ahead with most slots open. Best light and fewest people: first lunch at 11:15. If no online reservation, call, or arrive early to walk in for 11:15. Lunch 11:15–14:30, dinner 19:00–22:30, open every day. 1st floor, Hall 1, near the entrance. Pricier. Ask for tap water; still water is a €14 bottle.","Lunch 11:15–14:30, dinner 19:00–22:30, open every day"
London,Restaurants,random,Fortnum & Mason,Piccadilly,"181 Piccadilly, London W1A 1ER",St James's,51.5081856,-0.1381409,Winnie the Pooh Afternoon Tea at the Diamond Jubilee Tea Salon,https://www.instagram.com/russogioacchino/p/Da5qlHZsZXy,"4th floor. Adult menu £84 per person (finger sandwiches, plain and fruit scones with strawberry preserve and Somerset clotted cream, Pooh-inspired pâtisserie, pot of tea); 12.5% service. Children's Winnie the Pooh Afternoon Tea £60, ages 4–10 only, and cannot be ordered by adults. Book a table. Mon–Thu 11:00–19:30, Fri–Sat 11:00–20:30, Sun 11:30–19:30; last reservations 2 hours before closing.","Mon–Thu 11:00–19:30, Fri–Sat 11:00–20:30, Sun 11:30–19:30"
Paris,Bakeries & sweets,random,Tapisserie,,"65 Rue de Charonne, 75011 Paris",Roquette,48.8535486,2.3799549,Artisan pastry shop and bakery,https://www.instagram.com/limitless.asa/p/Da5uqXQMfSt,"Open daily. Mon–Fri 8:30–19:00, Sat 9:30–19:00, Sun 9:30–17:00","Mon–Fri 8:30–19:00, Sat 9:30–19:00, Sun 9:30–17:00"
Paris,Monuments,random,Eiffel Tower,,"5 Avenue Anatole France, 75007 Paris",7th,48.8582599,2.2945006,Night photo under the tower,https://www.instagram.com/haleymosstravels/p/DaGUvaCosNl,Opening shot under the ironwork at night. Title card only; no location sticker.,
Paris,Streets,random,Avenue des Champs-Élysées,,"Avenue des Champs-Élysées, 75008 Paris",8th,48.8698133,2.3071274,Street photo along the avenue,https://www.instagram.com/haleymosstravels/p/DaGUvaCosNl,On-screen street sign Avenue des Champs-Élysées. Chanel awnings are background.,
Paris,Monuments,random,Arc de Triomphe,,"Place Charles de Gaulle, 75008 Paris",8th,48.8737791,2.2950372,Sunset photo on the plaza,https://www.instagram.com/haleymosstravels/p/DaGUvaCosNl,On-screen location tag Arc de Triomphe.,
Paris,Parks,random,Champ de Mars,,"Champ de Mars, 75007 Paris",7th,48.8561447,2.2978204,Daytime photo down the path at the Eiffel Tower,https://www.instagram.com/haleymosstravels/p/DaGUvaCosNl,On-screen location tag Champ de Mars.,
Paris,Streets,random,Avenue de Camoëns,,"Avenue de Camoëns, 75116 Paris",16th,48.8596729,2.2861835,Sit on the stone balustrade with the Eiffel Tower framed,https://www.instagram.com/haleymosstravels/p/DaGUvaCosNl,On-screen tag Avenue de camoens.,
Paris,Places of interest,random,Place du Carrousel,,"Place du Carrousel, 75001 Paris",1st,48.8614912,2.3327943,Night photo with the Louvre Pyramid,https://www.instagram.com/haleymosstravels/p/DaGUvaCosNl,On-screen location tag Place du Carrousel.,
Paris,Museums,random,Musée d'Art Moderne de Paris,Chaillot,"11 Avenue du Président Wilson, 75116 Paris",Chaillot,48.864313,2.29786,City modern-art museum; the permanent collection is free.,https://www.instagram.com/theparisianclub_byap/p/DYkH6bGqrpc,"Permanent collection free, no reservation. Temporary exhibitions paid (about €5–12). Tue–Sun 10:00–18:00; Thursday late until 21:30 for temporary exhibitions. Closed Monday, 1 Jan, 1 May, and 25 Dec. Ticket office closes 17:15.","Tue–Sun 10:00–18:00. Closed Monday, 1 Jan, 1 May, and 25 Dec"
Paris,Museums,must-do,Musée Carnavalet,Le Marais,"23 Rue Madame de Sévigné, 75003 Paris",Le Marais,48.857323,2.362473,Paris history museum; the permanent collection is free.,https://www.instagram.com/theparisianclub_byap/p/DYkH6bGqrpc,"Permanent collection free, no booking. Temporary exhibitions are paid; book a timed ticket. Tue–Sun 10:00–18:00. Closed Monday, 1 Jan, 1 May, and 25 Dec. Last entry to the permanent rooms 17:15.","Tue–Sun 10:00–18:00. Closed Monday, 1 Jan, 1 May, and 25 Dec"
Paris,Parks,random,Jardin du Luxembourg,Luxembourg,"Rue de Médicis, 75006 Paris",6th arrondissement,48.846723,2.336415,"Formal Senate garden with lawns, fountains, and green chairs.",https://www.instagram.com/theparisianclub_byap/p/DYkH6bGqrpc,Free. Opening hours change with the season.,
Paris,Museums,must-do,Petit Palais,Champs-Élysées,"Avenue Winston-Churchill, 75008 Paris",8th arrondissement,48.866042,2.31535,City fine-arts museum; the permanent collection is free.,https://www.instagram.com/theparisianclub_byap/p/DYkH6bGqrpc,"Permanent collection free, no reservation; last entry 17:15. Temporary exhibitions paid. Tue–Sun 10:00–18:00. Fri–Sat late until 20:00 covers temporary exhibitions, the café, and the inner garden; permanent rooms are closed then. Closed Monday, 1 Jan, 1 May, 14 Jul, 11 Nov, and 25 Dec.","Tue–Sun 10:00–18:00. Closed Monday, 1 Jan, 1 May, 14 Jul, 11 Nov, and 25 Dec"
Paris,Streets,random,Galerie Vivienne,Vivienne,"4 Rue des Petits-Champs, 75002 Paris",2nd arrondissement,48.866728,2.339757,1823 covered passage to walk through.,https://www.instagram.com/theparisianclub_byap/p/DYkH6bGqrpc,Free to walk through. Also entered from 6 Rue Vivienne and Rue de la Banque. Typically open Mon–Sat 8:30–20:30; shops keep their own hours.,Typically open Mon–Sat 8:30–20:30
Paris,Museums,random,Musée des Archives nationales,Hôtel de Soubise,"60 Rue des Francs-Bourgeois, 75003 Paris",Le Marais,48.86045,2.357812,Free princely apartments and exhibitions in the Hôtel de Soubise.,https://www.instagram.com/theparisianclub_byap/p/DYkH6bGqrpc,"Princely apartments, permanent route, and exhibitions are free. Mon and Wed–Fri 10:00–17:30; Sat–Sun 14:00–17:30 (until 19:00 during major exhibitions). Closed Tuesday, 1 Jan, 1 May, and 25 Dec. Gardens on the same site are free daily (8:00–20:00 spring/summer, 8:00–17:00 autumn/winter).","Mon and Wed–Fri 10:00–17:30. Sat–Sun 14:00–17:30 (until 19:00 during major exhibitions). Closed Tuesday, 1 Jan, 1 May, and 25 Dec. Gardens on the same site are free daily (8:00–20:00 spring/summer, 8:00–17:00."
Paris,Places of interest,random,Palais-Royal,Palais-Royal,"Jardin du Palais-Royal, 75001 Paris",1st arrondissement,48.864908,2.337759,Free palace courtyard and garden to walk.,https://www.instagram.com/theparisianclub_byap/p/DYkH6bGqrpc,Courtyard and garden are free. Garden hours change by season.,
Paris,Parks,random,Jardin des Tuileries,Tuileries,"Jardin des Tuileries, 75001 Paris",1st arrondissement,48.863566,2.326955,Formal garden between the Louvre and Place de la Concorde.,https://www.instagram.com/theparisianclub_byap/p/DYkH6bGqrpc,Free. Opening hours change with the season.,
Paris,Places of interest,random,Bibliothèque nationale de France,Richelieu,"5 Rue Vivienne, 75002 Paris",2nd arrondissement,48.867022,2.338923,"Free Salle Ovale reading room, open to everyone.",https://www.instagram.com/theparisianclub_byap/p/DYkH6bGqrpc,"Salle Ovale is free, all ages, no booking. Tue 10:00–20:00; Wed–Sun 10:00–18:00. Closed Monday, public holidays, Easter Sunday, and Pentecost Sunday. Open on 8 May, Ascension Thursday, 1 Nov, and 11 Nov. BnF museum exhibitions are ticketed.","Tue 10:00–20:00. Wed–Sun 10:00–18:00. Closed Monday, public holidays, Easter Sunday, and Pentecost Sunday"
Paris,Shops,random,Le Bon Marché,Rive Gauche,"24 Rue de Sèvres, 75007 Paris",7th arrondissement,48.851183,2.324395,Department store to wander; free to enter.,https://www.instagram.com/theparisianclub_byap/p/DYkH6bGqrpc,"Free to browse. Mon–Wed and Fri–Sat 10:00–20:00, Thu 10:00–20:45, Sun 11:00–20:00.","Mon–Wed and Fri–Sat 10:00–20:00, Thu 10:00–20:45, Sun 11:00–20:00"
Paris,Restaurants,random,La Bourse et La Vie,,"12 Rue Vivienne, 75002 Paris",Vivienne,48.8676307,2.3394491,French bistro. Peppery steak au poivre with house-cut frites and house salad.,https://www.instagram.com/beli_eats/p/DbEs82MRwm1,Beli 9.7 (€€€). One of their favorite bistros; a first stop every time they are in Paris. Closed Sat–Sun; open Mon–Fri for lunch and dinner. Lunch plats du jour from €24; dinner mains from €36; desserts from €10.,Closed Sat–Sun
Paris,Restaurants,random,Chez l'Ami Louis,,"32 Rue du Vertbois, 75003 Paris",Arts-et-Métiers,48.8670358,2.3581834,Classic bistro. Côte de boeuf.,https://www.instagram.com/beli_eats/p/DbEs82MRwm1,Beli 9.1 (€€€€). Called both the world's most famous bistro and the worst restaurant in Paris.,Wed–Sat 12:00–14:30 and 19:30–23:30. Sun 12:30–14:30 and 19:30–23:30. Closed Monday and Tuesday.
Paris,Restaurants,must-do,La Renommée,,"95 Rue Saint-Honoré, 75001 Paris",Les Halles,48.8612909,2.3432043,French restaurant. Filet au poivre.,https://www.instagram.com/beli_eats/p/DbEs82MRwm1,Beli 10.0 (€€€). Their no. 1 ranked Paris restaurant; beef they call the best they have found in Paris. Sister of New York’s 4 Charles. Sun–Thu dinner 17:30–22:30; Fri–Sat lunch 12:00–14:00 and dinner 17:30–22:30. Dinner reservations open 30 days ahead at 09:00; parties of 1–8; card required; €50 per person if cancelled within 24 hours.,Sun–Thu dinner 17:30–22:30. Fri–Sat lunch 12:00–14:00 and dinner 17:30–22:30
Paris,Restaurants,must-do,Bistrot Paul Bert,,"18 Rue Paul Bert, 75011 Paris",Sainte-Marguerite,48.8522292,2.3848682,Bistro. Steak in creamy pepper sauce.,https://www.instagram.com/beli_eats/p/DbEs82MRwm1,Beli card 9.7 (€€€); voiceover says 9.8. Most famous spot on their list; pepper sauce they call the best they have ever had. Beloved by locals and tourists. Closed Sun–Mon; Tue–Sat 12:00–14:00 and 19:30–23:00.,Closed Sun–Mon. Tue–Sat 12:00–14:00 and 19:30–23:00
Paris,Monuments,random,Palais Garnier,,"Place de l'Opéra, 75009 Paris",9th,48.8720289,2.3317851,Self-guided visit of the opera house interior,https://www.instagram.com/persia.negin/p/DaEPMxlshZI,Best €15 you'll ever spend; air conditioning inside. Online booking mandatory; no visit tickets sold on site. Last admission one hour before closing. Auditorium often closed for rehearsals.,
Paris,Streets,random,Rue des Francs-Bourgeois,Le Marais,"Rue des Francs-Bourgeois, 75004 Paris",Le Marais,48.8566804,2.3635619,"The Marais shopping street. Independent clothes, concept shops, and the Place des Vosges end.",shopping,Walk the stretch between Place des Vosges and the Rue des Archives.,
Paris,Streets,random,Rue Saint-Honoré,Vendôme,"Rue Saint-Honoré, 75001 Paris",1st,48.8667583,2.3280108,The long shopping street through the 1st. Designer windows around Place Vendôme.,shopping,"The useful stretch is between Palais Royal and the Madeleine, not the whole street.",
Paris,Streets,random,Avenue Montaigne,Champs-Élysées,"Avenue Montaigne, 75008 Paris",8th,48.8651567,2.3027080,"The couture avenue. Dior, Chanel, and the other big houses.",shopping,A short walk south of the Champs-Élysées. Windows more than baskets.,
Paris,Streets,random,Rue du Faubourg Saint-Honoré,Madeleine,"Rue du Faubourg Saint-Honoré, 75008 Paris",8th,48.8691449,2.3204234,"The other couture street, west of the Madeleine. Hermès and the palace side.",shopping,Continues the Saint-Honoré shops past Rue Royale.,
Paris,Streets,random,Passage Jouffroy,Grands Boulevards,"10-12 Boulevard Montmartre, 75009 Paris",9th,48.8722253,2.3420716,"1840s covered passage. Bookshops, toys, and the Musée Grévin entrance.",shopping,Across the boulevard from Passage des Panoramas. Free to walk through.,
Paris,Streets,random,Passage Verdeau,Grands Boulevards,"6 Rue de la Grange-Batelière, 75009 Paris",9th,48.8738140,2.3425265,"The third covered passage in the row, quieter than Jouffroy. Old cameras, prints, and small shops.",shopping,Continue north from Passage Jouffroy. Free to walk through.,
Paris,Streets,random,Rue des Martyrs,9th,"Rue des Martyrs, 75009 Paris",9th,48.8778446,2.3395219,The sloping food-and-shop street from Notre-Dame-de-Lorette up toward Pigalle.,shopping,Bakeries and small shops the whole way up. Busier on Sunday morning.,
Paris,Streets,random,Rue Bonaparte,Saint-Germain,"Rue Bonaparte, 75006 Paris",Saint-Germain-des-Prés,48.8561576,2.3343878,"Saint-Germain shopping street. Galleries, clothes, and the church at the top.",shopping,The useful bit is between the Seine and Boulevard Saint-Germain.,
Paris,Shops,random,Galeries Lafayette,Haussmann,"40 Boulevard Haussmann, 75009 Paris",Opéra,48.8736459,2.3321271,"The big department store. Free 8th-floor terrace, with Garnier and the Eiffel Tower in the view.",shopping,Free to walk in. The roof is the reason to go up. Next door to Printemps.,
Paris,Shops,random,Printemps,Haussmann,"64 Boulevard Haussmann, 75009 Paris",Opéra,48.8738870,2.3290507,"The other Haussmann department store. Art nouveau cupola, and the 7ème Ciel rooftop bar.",shopping,Across the street from Galeries Lafayette. Free to walk in. The roof bar is 7ème Ciel.,
Paris,Shops,random,La Samaritaine,Pont-Neuf,"9 Rue de la Monnaie, 75001 Paris",1st,48.8592063,2.3423534,Reopened department store on the Seine. The glass roof and the view from the top.,shopping,"Free to enter. By Pont Neuf, between the Louvre and Châtelet.",
Paris,Shops,random,Le BHV Marais,Rivoli,"52 Rue de Rivoli, 75004 Paris",Le Marais,48.8574693,2.3533468,"The Marais department store, across from the Hôtel de Ville. Home floor downstairs, fashion above.",shopping,Officially Bazar de l'Hôtel de Ville. Free to walk in.,
Paris,Shops,random,Westfield Forum des Halles,Les Halles,"101 Porte Berger, 75001 Paris",Les Halles,48.8618780,2.3471384,"The underground mall under the Les Halles canopy. Chain shops, a cinema, and the Châtelet exits.",shopping,Useful if it is raining. The canopy park is above it.,
London,Streets,random,Carnaby Street,Soho,"Carnaby Street, London W1F",Soho,51.5130102,-0.1386688,The pedestrian shopping street off Regent Street. Side lanes have the smaller shops.,shopping,Newburgh Street and Kingly Court are the better detours off the main strip.,
London,Streets,random,New Bond Street,Mayfair,"New Bond Street, London W1S",Mayfair,51.5108549,-0.1429702,"Mayfair's jewellery and fashion street, from Oxford Street down toward Piccadilly.",shopping,"Old Bond Street continues it to the south. Windows, not a browse-everything walk.",
London,Streets,random,Regent Street,Mayfair,"Regent Street, London W1B",Mayfair,51.5112438,-0.1389291,The curved shopping street from Oxford Circus toward Piccadilly Circus.,shopping,Liberty is on the west side. The lights go up in November.,
London,Streets,random,Jermyn Street,St James's,"Jermyn Street, London SW1Y",St James's,51.5094817,-0.1335375,"The shirt and shoe street, one block south of Piccadilly.",shopping,Short. Paired with Fortnum and Mason on Piccadilly.,
London,Streets,random,Savile Row,Mayfair,"Savile Row, London W1S",Mayfair,51.5107338,-0.1402191,"The tailoring street, parallel to Bond Street.",shopping,A look at the windows is the visit. Appointments are a different trip.,
London,Streets,random,Marylebone High Street,Marylebone,"Marylebone High Street, London W1U",Marylebone,51.5225910,-0.1512196,"A village high street of bookshops, clothes, and food shops, north of Oxford Street.",shopping,Daunt Books is the one to go in. Quieter than Regent Street.,
London,Streets,random,King's Road,Chelsea,"King's Road, London SW3",Chelsea,51.4897910,-0.1630507,"Chelsea's long shopping street, from Sloane Square west.",shopping,"The useful stretch is the SW3 part near Sloane Square, not the far western end.",
London,Streets,random,Portobello Road,Notting Hill,"Portobello Road, London W11",Notting Hill,51.5179184,-0.2066293,"The market street. Antiques at the south end, clothes and food further up.",shopping,Saturday is the full market. Weekdays are the shops that stay open.,
London,Streets,random,Seven Dials,Covent Garden,"Seven Dials, London WC2H",Covent Garden,51.5137861,-0.1270960,The seven-street junction in Covent Garden. Small shops off the sundial pillar.,shopping,Neal Street and Earlham Street run off it. A short walk from Neal's Yard.,
London,Streets,random,Burlington Arcade,Piccadilly,"51 Piccadilly, London W1J 0PA",Mayfair,51.5090194,-0.1402078,The covered Regency arcade from Piccadilly to Burlington Gardens. Jewellers and small luxury shops.,shopping,Free to walk through. Beadles still patrol it.,
London,Streets,random,Floral Street,Covent Garden,"Floral Street, London WC2E",Covent Garden,51.5121360,-0.1249689,"The clothes street behind the Royal Opera House, quieter than the piazza.",shopping,Parallel to Long Acre. A few minutes from Covent Garden station.,
London,Streets,random,Redchurch Street,Shoreditch,"Redchurch Street, London E2",Shoreditch,51.5243741,-0.0755193,The short Shoreditch shopping street. Independent clothes and a few good cafés.,shopping,Between Brick Lane and Shoreditch High Street. Small; one walk covers it.,
London,Shops,random,Liberty,Regent Street,"Regent Street, London W1B 5AH",Soho,51.5137565,-0.1402702,"The Tudor-front department store. Fabrics, the atrium, and the rooms upstairs.",shopping,"Free to walk in. The mock-Tudor building is on Great Marlborough Street, off Regent Street.",
London,Shops,random,Selfridges,Oxford Street,"400 Oxford Street, London W1A 1AB",Marylebone,51.5146022,-0.1528176,The Oxford Street department store. The window displays and the food hall.,shopping,Free to walk in. Duke Street entrance is the quieter one.,
London,Shops,random,Harrods,Knightsbridge,"87-135 Brompton Road, London SW1X 7XL",Knightsbridge,51.4992104,-0.1629893,The Knightsbridge department store. The food halls are the part worth the crowd.,shopping,Free to enter. A dress code is posted at the door.,
London,Shops,random,Fortnum & Mason,Piccadilly,"181 Piccadilly, London W1A 1ER",St James's,51.5081856,-0.1381409,"The Piccadilly grocer. Hampers, the food hall, and the clock outside.",shopping,Free to walk in. Across from the Royal Academy.,
London,Shops,random,Harvey Nichols,Knightsbridge,"109-125 Knightsbridge, London SW1X 7RJ",Knightsbridge,51.5015401,-0.1597185,"The other Knightsbridge department store, smaller and more fashion than Harrods.",shopping,Free to walk in. The fifth floor is the restaurant and food shop.,
London,Shops,random,Westfield London,Shepherd's Bush,"Ariel Way, London W12 7SL",Shepherd's Bush,51.5078484,-0.2218080,The big west London mall. Useful for chains in one building when it is raining.,shopping,Shepherd's Bush stations are on the doorstep. Not a walk from the hotel.,
London,Shops,random,Battersea Power Station,Nine Elms,"Circus Road South, London SW11 8BQ",Battersea,51.4817738,-0.1445821,"Shops inside the old power station, plus the chimney lift if you want the view.",shopping,Free to walk the mall. The chimney is a separate ticket. Northern line to Battersea Power Station.,
Paris,Museums,random,Bourse de Commerce,Pinault Collection,"2 Rue de Viarmes, 75001 Paris",Les Halles,48.862817,2.342836,"The Pinault Collection in the old commodities exchange. The rotunda, then whatever show is up.",friend,Optional. A short walk east of the Louvre.,11:00–19:00. Closed Tuesday.
Paris,Museums,random,Musée Zadkine,,"100 bis Rue d'Assas, 75006 Paris",6th,48.842804,2.333797,"Ossip Zadkine's house and studio, with a sculpture garden. A small museum.",friend,Optional. South of the Luxembourg.,Tue–Sun 10:00–18:00. Last entry 17:30. Closed Monday.
Paris,Museums,random,Musée des Arts et Métiers,,"60 Rue Réaumur, 75003 Paris",3rd,48.866098,2.355414,Machines and instruments in an old priory. Foucault's pendulum hangs in the former church.,friend,Optional. North edge of the Marais.,Tue–Sun 10:00–18:00. Friday until 21:00. Closed Monday.
Paris,Museums,random,Musée Rodin,,"77 Rue de Varenne, 75007 Paris",7th,48.854747,2.315867,"The Thinker and The Kiss, in the house and in the sculpture garden.",friend,Optional. Next to Invalides. Friday 30 Oct is an open day.,Tue–Sun 10:00–18:30. Last entry 17:45. Closed Monday.
Paris,Places of interest,random,Hôtel de Sully,,"62 Rue Saint-Antoine, 75004 Paris",Marais,48.854636,2.363688,A Marais mansion. Walk the courtyard through to Place des Vosges.,friend,On the way between Rue Saint-Antoine and the square.,
Paris,Restaurants,random,Café de Flore,,"172 Boulevard Saint-Germain, 75006 Paris",Saint-Germain-des-Prés,48.854144,2.332631,The Saint-Germain café. The terrace is on the boulevard.,friend,A sit-down if you are already in the 6th. Not a plan stop.,
Paris,Restaurants,random,Les Deux Magots,,"6 Place Saint-Germain-des-Prés, 75006 Paris",Saint-Germain-des-Prés,48.854069,2.333063,"The other Saint-Germain café, on the square by the church.",friend,Across the corner from Café de Flore.,
Paris,Places of interest,random,Place de la Contrescarpe,,"Place de la Contrescarpe, 75005 Paris",Latin Quarter,48.844477,2.349499,"The square at the top of Rue Mouffetard. Fountain, cafés, the start of the market street.",friend,You are already on Mouffetard on 29 Oct. This is the top of that street.,Public square. Open through the day.
Paris,Places of interest,random,Place de la Sorbonne,,"Place de la Sorbonne, 75005 Paris",Latin Quarter,48.848643,2.342038,"The university square. Chapel façade, cafés, the students.",friend,Between Cluny and the Panthéon.,Public square. Open through the day.
Paris,Streets,random,Cour du Commerce-Saint-André,,"Cour du Commerce-Saint-André, 75006 Paris",Saint-Germain-des-Prés,48.852417,2.339287,A narrow covered lane of old shopfronts off Boulevard Saint-Germain.,friend,Le Procope is on this lane.,
Paris,Places of interest,random,Clos Montmartre,,"Rue des Saules, 75018 Paris",Montmartre,48.888186,2.339834,The last working vineyard in Paris. A gate on Rue des Saules. You look in from the street.,friend,Harvest is in October. Not a walk-in museum.,
Paris,Places of interest,random,La Maison Rose,,"2 Rue de l'Abreuvoir, 75018 Paris",Montmartre,48.887985,2.339646,The pink house at the corner of Rue de l'Abreuvoir. The picture is the façade.,friend,A few steps from the vineyard gate.,
Paris,Places of interest,random,Moulin de la Galette,Rue Lepic,"83 Rue Lepic, 75018 Paris",Montmartre,48.887351,2.337141,The windmill on Rue Lepic. Walk the street up to it.,friend,Seen from the street. The mill itself is not a visit.,
Paris,Places of interest,random,Place Vendôme,,"Place Vendôme, 75001 Paris",1st,48.867463,2.329428,"The octagonal square. The column, the Ritz, the jewellers' windows.",friend,On the way between the Tuileries and Garnier.,Public square. Open through the day.
Paris,Streets,random,Rue Sainte-Anne,,"Rue Sainte-Anne, 75001 Paris",1st,48.867933,2.3363,"The Japanese and Asian restaurant street, between Palais-Royal and the Opéra.",friend,Useful if lunch or dinner is already on this side of the Louvre.,
Paris,Places of interest,random,Institut du Monde Arabe,,"1 Rue des Fossés Saint-Bernard, 75005 Paris",5th,48.848916,2.357147,The Arab World Institute on the quay. The terrace looks back at Notre-Dame.,friend,A short walk from the hotel. Book the terrace if you go up.,
Paris,Parks,random,Jardin des Plantes,,"Jardin des Plantes, 75005 Paris",5th,48.844036,2.359732,The botanical garden. The long alleys and the glasshouses. The zoo is a separate ticket.,friend,"East of the hotel, toward the river.",
Paris,Parks,random,Père Lachaise,,"16 Rue du Repos, 75020 Paris",20th,48.86113,2.394009,"The hillside cemetery. Chopin, Oscar Wilde, Jim Morrison, and a lot of walking.",friend,"About 20 minutes from Badaboum, so the pin can show on 31 Oct. It is not the plan that night.",
Paris,Parks,random,Parc Montsouris,,"2 Rue Gazan, 75014 Paris",14th,48.821991,2.337792,A south-Paris park with a lake. Quiet.,friend,"The 14th is not on any day's walk, so this stays off the map.",
Paris,Places of interest,random,Cité Universitaire,,"17 Boulevard Jourdan, 75014 Paris",14th,48.818828,2.33872,The international student campus beside Parc Montsouris. National houses along the park.,friend,Only worth it if you are already at Montsouris.,
Paris,Places of interest,random,Canal Saint-Martin,,"Quai de Valmy, 75010 Paris",10th,48.869805,2.365946,The locks and the iron footbridges. A walk along the quay.,friend,North of the Marais.,The quay is open through the day.
Paris,Places of interest,random,Philharmonie de Paris,,"221 Avenue Jean Jaurès, 75019 Paris",19th,48.891921,2.394139,"The concert hall at La Villette. The rooftop belvedere is a free walk with a view, separate from a ticket.",friend,"The 19th is not on any day, so this stays off the map.",
Paris,Places of interest,random,Bateaux-Mouches,Pont de l'Alma,"Port de la Conférence, 75008 Paris",Alma,48.863978,2.305826,A daytime Seine boat. About an hour on the river.,friend,"Optional. This is not the dinner cruise, which is off the plan.",
London,Bakeries & sweets,random,Bread Ahead,Borough Market,"Cathedral Street, Borough Market, London SE1 9DE",Borough,51.505968,-0.090417,Doughnuts at Borough Market. The crème brûlée doughnut is the one people queue for.,friend,"Still at the market as of late September 2026, while a lease dispute is ongoing. Check they are still there. The market is closed Monday. 5 Nov is a Thursday.",
London,Restaurants,random,Padella,Borough,"6 Southwark Street, London SE1 1TQ",Borough,51.505134,-0.089909,Fresh pasta in a small Borough room. Walk-in.,friend,The pasta spot in the market.,
London,Street food,random,The Black Pig,Borough Market,"Borough Market Kitchen, Winchester Walk, London SE1",Borough,51.505968,-0.090894,Sandwiches at Borough Market.,friend,A friend recommends these.,
London,Restaurants,random,Notto,Piccadilly,"198 Piccadilly, London W1J 9EY",Piccadilly,51.508956,-0.136464,"Fresh pasta, on Piccadilly.",friend,"With Padella, Bancone, and Osteria Romana.",
London,Restaurants,random,Bancone,Covent Garden,"39 William IV Street, London WC2N 4DD",Covent Garden,51.509547,-0.126412,Fresh pasta in Covent Garden.,friend,,
London,Restaurants,random,Osteria Romana,Knightsbridge,"3-4 Park Close, London SW1X 7PQ",Knightsbridge,51.502081,-0.162932,Roman cooking in Knightsbridge.,friend,,
London,Restaurants,random,Regency Cafe,,"17-19 Regency Street, London SW1P 4BY",Pimlico,51.494002,-0.132095,Old-school English breakfast cafe.,friend,,
London,Restaurants,random,Black Bear Burger,Exmouth Market,"Exmouth Market, London EC1R",Clerkenwell,51.525564,-0.109965,Burgers on Exmouth Market.,friend,,
London,Restaurants,random,Truffle Burger,Soho,"22 Bateman Street, London W1D 3AN",Soho,51.514244,-0.131326,Burgers in Soho.,friend,,
London,Restaurants,random,Shackfuyu,Soho,"14A Old Compton Street, London W1D 4TJ",Soho,51.513768,-0.130148,Go for the kinako french toast. A full meal is optional.,friend,"Their site says the restaurant is retiring, and points the dessert at their ramen bars. Check it is still open.",Mon–Sat 12:00–22:00. Sun 12:00–21:00.
London,Bakeries & sweets,random,Kova Patisserie,Soho,"9-12 St Anne's Court, London W1F 0BB",Soho,51.514297,-0.134006,Sea salt cheese lava cake. A slice is the visit.,friend,,
London,Bakeries & sweets,random,Kova Patisserie,Chinatown,"20a Newport Court, London WC2H 7JS",Chinatown,51.511882,-0.128898,Sea salt cheese lava cake. A slice is the visit.,friend,,Daily 12:00–18:00.
London,Bakeries & sweets,random,Kova Patisserie,South Kensington,"16 Old Brompton Road, London SW7 3DL",South Kensington,51.493814,-0.175012,"Sea salt cheese lava cake, on the South Kensington walk.",friend,,
London,Bakeries & sweets,random,Bilmonte,Soho,"30 Great Windmill Street, London W1D 7LW",Soho,51.511643,-0.134697,"Gelato. The one a friend insisted on. Pistachio, and the chocolate pour.",friend,,Daily 12:00–00:00.
London,Bakeries & sweets,random,Layla Bakery,Notting Hill,"332 Portobello Road, London W10 5RU",Notting Hill,51.521698,-0.210542,Wild-grain bakery on Portobello Road.,friend,"West of the Hyde Park day, so it may sit off the map.",
London,Bakeries & sweets,random,Pophams,London Fields,"197 Richmond Road, London E8 3NJ",Hackney,51.543558,-0.057637,Bakery.,friend,"This branch is in Hackney, off the walking days.",
London,Bakeries & sweets,random,Arôme,Covent Garden,"9 Mercer Street, London WC2H 9QJ",Covent Garden,51.512993,-0.126142,"Honey butter toast, and the pastries.",friend,"On Mercer Street in Covent Garden, a few minutes from Chinatown.",
London,Restaurants,random,Hawksmoor,Borough,"16 Winchester Walk, London SE1 9AQ",Borough,51.5063,-0.09125,Steakhouse next to Borough Market. Known for the Sunday roast.,friend,There is no Sunday in London on this trip. It is still a steakhouse the other days.,
London,Restaurants,random,Hawksmoor,Air Street,"5A Air Street, London W1J 0AD",Piccadilly,51.509696,-0.136126,Steakhouse near Piccadilly. Known for the Sunday roast.,friend,There is no Sunday in London on this trip.,
London,Restaurants,random,Hawksmoor,Seven Dials,"11 Langley Street, London WC2H 9JG",Covent Garden,51.513457,-0.125749,Steakhouse in Covent Garden. Known for the Sunday roast.,friend,There is no Sunday in London on this trip.,
London,Restaurants,random,Hawksmoor,Knightsbridge,"3 Yeoman's Row, London SW3 2AL",Knightsbridge,51.497414,-0.166978,Steakhouse in Knightsbridge. Known for the Sunday roast.,friend,There is no Sunday in London on this trip. Friday's walk is the nearby day.,
London,Restaurants,random,Flat Iron,Covent Garden,"17-18 Henrietta Street, London WC2E 8QH",Covent Garden,51.510807,-0.123989,"Steak at a set price. Good value, not the city's best steak.",friend,,
London,Restaurants,random,Gymkhana,Mayfair,"42 Albemarle Street, London W1S 4JH",Mayfair,51.508481,-0.141486,Mayfair Indian. Book if you go.,friend,The booked London dinner stays OMA. This is a pin for a day already in Mayfair.,
London,Restaurants,random,Fallow,Haymarket,"52 Haymarket, London SW1Y 4RP",Haymarket,51.509418,-0.132736,Modern British. Get the mushroom parfait. They grow the mushrooms.,friend,,
London,Restaurants,random,Kiln,Soho,"58 Brewer Street, London W1F 9TL",Soho,51.511351,-0.135996,Thai grill. Super 8 group.,friend,,
London,Restaurants,random,Smoking Goat,Shoreditch,"64 Shoreditch High Street, London E1 6JJ",Shoreditch,51.524228,-0.076915,Thai barbecue. Super 8 group.,friend,Shoreditch is off the walking days.,
London,Restaurants,random,Plaza Khao Gaeng,Covent Garden,"6 Bedford Street, London WC2E 9HZ",Covent Garden,51.509971,-0.124019,Southern Thai. Super 8 group.,friend,,
London,Restaurants,random,Brat,Shoreditch,"4 Redchurch Street, London E2 7DD",Shoreditch,51.524266,-0.076691,Wood-fired Basque. Pricier. Super 8 group.,friend,Off the walking days.,
London,Restaurants,random,Mountain,Soho,"16-18 Beak Street, London W1F 9RD",Soho,51.511972,-0.138222,"Wood fire, on the pricier side. Super 8 group.",friend,,
London,Restaurants,random,Barrafina,Dean Street,"26-27 Dean Street, London W1D 3LL",Soho,51.514076,-0.132648,Spanish counter in Soho.,friend,,
London,Restaurants,random,Barrafina,Covent Garden,"10 Adelaide Street, London WC2N 4HZ",Covent Garden,51.509348,-0.125693,Spanish counter in Covent Garden.,friend,,
London,Restaurants,random,Jinli,Chinatown,"16-18 Newport Place, London WC2H 7PR",Chinatown,51.51222,-0.129432,Sichuan. Dry mala.,friend,,
